"SampleID","ZOQM06Q","ZIS22OE","ZOBX723","ZO94RDZ","ZO5QFNX","ZO3XSJN","ZNQOVZV","ZNDMXI3","ZN9YTFN","ZN3TBJM","ZN0JE53","ZMGT937","ZMBVNFM","ZM8YXDM","ZLZNCLZ"
"IGLL5",1.824581,1.888309,3.050639,3.331428,2.431018,2.92506,2.625042,2.752113,1.939018,2.894938,0.6353452,3.617153,0.5280352,2.099798,2.556611
"MASP2",-3.044548,-3.359115,-3.72714,-3.649854,-2.237261,-3.847154,-4.357158,-3.19604,-3.772359,-7.159449,-4.984901,-3.526542,-5.803018,-3.984103,-1.773255
"APOL1",2.537921,2.444,2.718752,0.8173218,1.902125,0.3350672,1.645998,1.756801,1.833,1.24111,2.06427,1.718547,2.027716,1.544988,1.535645
"CEP290",-4.258161,-4.523503,-3.748177,-3.74828,-6.5128,-7.347,-2.782367,-3.61882,-3.15309,-5.038869,-4.014059,-4.494244,-4.09651,-2.530482,-3.78325
"CD5L",-1.369417,-0.9464415,-1.511222,-2.038266,0.5672207,2.183149,-0.6294571,2.384629,-1.975764,-1.311164,0.1260903,-0.2330515,0.2175463,2.647004,0.01249385
"FCN3",-1.324533,0.5830652,0.09456497,0.09858465,0.436159,1.003995,0.3459895,0.1538316,-0.2093726,-0.1360967,0.03701332,-0.03406146,0.88968,0.7336402,0.417956
"ATRN",-1.161494,-1.587362,-2.15942,-1.612158,-0.9120933,-0.1591951,-1.580813,-1.231442,-1.251498,-1.629246,-1.149098,-1.519957,-2.210221,-1.042753,-1.523307
"ATRN.1",-1.653293,-5.767766,-1.473575,-1.543654,-1.242362,0.4511954,-1.622805,-0.6304601,-1.345612,-1.70636,-1.611881,-1.540312,-2.321046,-0.4499986,-1.361742
"APOM",2.021433,2.267617,2.83499,1.233874,1.300079,1.861509,1.810278,1.807735,1.953767,1.741262,2.141062,1.501622,2.192918,1.983371,1.783853
"CP",6.215743,5.66537,4.415855,5.629255,5.495127,5.587758,5.836172,5.807051,5.606373,5.688008,5.642721,5.305787,5.534888,5.737454,5.293668
"F13A1",0.05269141,0.7396514,-0.1300111,0.3096176,0.3576816,0.2477618,-0.02288418,-0.7400055,0.04329726,0.227147,0.56545,-0.3539312,0.05416277,0.2007559,-0.358041
"F2",4.590666,4.463136,5.720816,4.154083,4.339312,5.274742,4.419713,5.065166,4.590145,4.491878,4.795842,4.599776,4.826749,5.10522,4.776868
"C1R",1.959977,2.274343,1.770824,1.649445,1.931328,3.096686,1.88607,2.942944,1.90886,1.817578,2.337359,1.777117,1.509432,2.329224,2.004261
"HP",7.306709,7.137991,6.693264,6.293658,6.435456,7.758028,6.783566,7.796308,6.060095,6.331476,7.295455,6.7781,6.711581,6.807964,5.830069
"HPR",2.159616,1.672269,1.621068,1.055757,1.223188,2.502664,1.584174,3.636113,1.053565,1.00191,2.603027,1.438887,2.874798,2.252872,0.4314579
"F9",-0.3723838,0.4022472,-0.2740713,-0.5249253,-1.535563,0.4857669,-0.571984,-0.6068951,-0.7964265,-0.942806,-2.899964,-0.7030873,-1.525021,-0.08003533,-0.4975928
"F10",0.8350362,0.2908269,0.8107896,-0.04783145,0.5239117,-0.1807184,0.08162549,0.8028684,0.6764067,0.4437217,1.022794,0.4520482,0.4472177,0.736245,0.4944999
"CFD",-3.008537,-2.328776,-2.833795,-3.155335,-8.339113,-4.590815,-2.867618,-4.173944,-2.814981,-2.663413,-3.81037,-2.90882,-5.337427,-3.746,-2.984447
"PLG",4.864323,4.361646,5.601358,4.320422,4.463012,5.186807,4.196523,5.029723,4.386306,3.830714,4.925604,4.366017,4.953215,5.033616,4.327535
"F12",2.308514,1.56923,2.484237,1.727829,0.9075377,2.679899,1.61787,1.039634,0.3751765,1.884543,0.1726168,0.2941679,1.452116,2.154898,1.473546
"CFB",4.236414,4.75312,5.929063,4.380797,4.36441,4.990209,4.612678,4.268553,4.712073,4.305614,4.853717,4.507329,4.722564,4.460201,4.359643
"CA1",-2.56965,-3.104843,-1.319067,-2.420953,-3.224191,-2.44951,-1.68161,-2.942551,-1.606903,-2.857782,-2.559832,-2.236455,-1.739337,-2.269469,-2.384456
"ASS1",-5.812922,-6.745103,-2.219405,-1.629321,-1.172225,1.629081,-2.471573,0.1811152,-2.838293,-2.563806,-2.947659,-1.151595,-3.110592,1.216747,-0.8602312
"SERPINC1",4.856602,4.300706,5.007718,4.608522,4.889051,4.628535,4.475229,4.950387,4.439972,4.521379,4.905183,4.430846,5.051224,4.94355,4.734859
"SERPINA1",7.773083,7.376639,8.233676,7.021502,6.951866,7.726048,7.458685,7.282776,7.142266,7.393695,7.765588,6.834273,8.173018,7.006745,7.077533
"SERPINA3",4.493351,4.858566,5.585121,5.004772,4.487825,5.027617,4.561914,4.791015,4.347286,4.663149,4.793714,4.5809,5.479345,5.005599,4.671598
"AGT",4.426816,3.300062,3.440475,2.942145,3.559226,2.592895,2.856167,3.584482,3.199148,3.270108,3.467014,2.978682,3.719516,3.297462,2.846208
"A2M",8.310218,8.063084,7.844636,7.119043,7.820882,8.050324,7.496269,7.755105,8.175929,7.476088,7.553348,7.966593,8.088774,7.953681,7.861785
"C3",8.439385,7.754836,8.503756,8.006519,8.004556,7.632476,8.626679,8.234601,8.264629,8.140953,8.180408,8.26636,8.636516,8.159872,8.433649
"C5",3.423464,3.567779,3.667811,3.479356,3.153113,3.284059,3.83102,3.637041,3.547723,3.632901,3.63542,3.344341,3.259906,3.811568,3.414674
"CST3",-1.917411,-4.604057,-0.4624026,-1.989392,-2.413608,-2.236659,-2.55799,-3.768092,-2.483201,-1.272251,-3.186365,-1.754152,-2.762643,-1.964553,-1.625849
"KNG1",3.506313,3.611889,4.294868,2.91163,3.181611,4.097711,3.161198,3.546557,3.148439,3.249188,4.018632,3.078571,3.892205,3.465685,3.256991
"KNG1_2",-7.19725,-4.564946,-6.466697,-5.705993,-5.128757,-4.634029,-6.525319,-4.429368,-5.081245,-4.778078,-4.580617,-4.471066,-4.309162,-6.07378,-7.467353
"IGF2",-2.970355,-2.102259,-2.154802,-3.035169,-3.048501,-2.629137,-3.068994,-2.551007,-2.828588,-3.023962,-3.703786,-5.530266,-3.740488,-2.561335,-2.79041
"IGJ",3.021025,2.603221,3.632442,2.298025,3.473345,3.048307,2.863467,3.271453,1.853053,2.338723,3.360826,3.974104,3.087348,3.175961,2.32867
"KVD33",-2.878652,-2.682553,-3.821878,-2.568295,-2.618318,-2.671391,-2.807993,-2.019182,-2.333133,-2.081065,-2.559929,-2.079272,-2.077419,-1.899945,-2.550014
"KV133",-5.67619,-2.980677,-4.523628,-2.522572,-2.778274,-3.753512,-3.379605,-3.138768,-1.912819,-2.352368,-3.413031,-2.035103,-2.838683,-3.981341,-1.26236
"KVD16",-2.255989,-2.012119,-2.508203,-0.2318817,-0.8819433,-4.630297,-1.233585,-1.041524,-1.604754,-1.605252,-2.618192,-0.7288846,-1.743277,-1.461399,-1.410097
"KVD33_2",-2.125523,-2.419883,-1.752995,-2.194117,-2.115962,-4.272602,-1.810731,-2.637506,-1.956165,-1.860181,-2.489742,-1.832474,-2.591804,-1.61031,-2.247878
"KVD33_3",-3.586231,-3.749934,-3.963769,-4.210926,-2.897171,-5.146298,-4.127318,-8.398146,-3.925838,-4.153016,-4.115542,-4.167056,-3.828333,-4.944703,-4.281019
"KV139",-5.19289,-6.137699,-5.040354,-5.269202,-4.404764,-6.205291,-3.388512,-5.494294,-5.027409,-4.728686,-3.522989,-5.599531,-5.943773,-6.133847,-4.662122
"KVD33_4",0.01221681,-1.062215,-1.519993,0.0459615,-1.884573,-1.258649,-1.848997,-0.9521199,-0.0844745,0.05200148,-0.2590337,0.5316789,-0.2574532,-0.9053086,0.02126443
"KVD28",-6.261098,-4.8257,-6.016495,-4.725762,-4.972101,-5.01117,-4.654215,-5.706167,-4.668228,-3.352117,-4.311903,-3.045635,-5.363801,-4.031835,-4.973218
"KV320",-4.274235,-5.691129,-3.190417,-3.97085,-4.478088,-6.713472,-4.317329,-5.144138,-3.661296,-4.144688,-5.086836,-4.048628,-2.691356,-6.283235,-5.663175
"KV320_2",0.7122902,-0.1337929,-4.584939,0.7484461,1.115972,-0.05414575,1.120062,0.5985139,1.296471,1.436862,1.894761,1.128381,0.658501,0.4331254,1.125042
"LV144",-1.228388,-1.943686,-2.112538,-2.050059,-1.770817,-2.550826,-2.037316,-1.849865,-1.381335,-1.520604,-2.216385,-1.124962,-2.294857,-2.130258,-1.873952
"LV147",-0.1422484,-0.5236893,-1.710246,-0.1372704,-0.2651376,-1.056147,-0.8131816,-0.647622,0.241349,0.2887493,0.007887721,-0.5561876,-0.7250512,-0.8508947,0.05438127
"LV140",-5.795399,-4.025908,-2.315401,-3.281826,-3.876421,-5.066639,-4.649745,-3.959228,-2.858531,-4.968581,-6.789016,-4.504284,-3.697138,-3.790886,-4.264684
"LV211",-4.329802,-6.947644,-4.822058,-3.372061,-3.566889,-5.571626,-3.738098,-5.514184,-3.827697,-4.025771,-2.66222,-3.833232,-5.510176,-5.023829,-3.915163
"LV319",0.5120218,-0.02325505,-0.5454257,0.6869444,1.478591,-0.07914013,1.276326,0.9691135,1.224485,1.168055,1.390092,2.025169,1.0389,1.028687,0.7373095
"LV325",1.045291,1.696888,1.745232,1.553617,2.191311,1.5079,1.818729,1.74976,2.174518,2.621176,1.286455,2.396945,0.3543106,1.502462,2.162463
"LV321",-1.209537,-0.7697396,-0.2355337,-0.6601474,-2.482265,-2.110773,-0.01989579,1.097505,-2.869406,-0.7529236,-2.457125,-0.9267005,-3.043005,-0.8006493,-1.201408
"HV169",-3.900451,-6.675312,-4.915547,-3.462439,-4.201581,-6.297738,-4.012531,-3.495917,-2.679803,-3.862789,-3.680377,-3.376869,-4.89539,-4.073508,-4.228921
"HV146",-2.688987,-4.40664,-3.884521,-2.296721,-2.436994,-4.375165,-2.551788,-3.175143,-3.338457,-2.678082,-2.826807,-2.347011,-3.160139,-3.403862,-3.135675
"HV348",-1.479284,-1.853611,-1.945993,-0.900449,-1.434583,-5.129014,-1.430843,-0.8900907,-1.712688,-1.216655,-3.51298,-0.5789459,-3.135292,-0.7500956,-0.8954242
"HV323",0.5087752,0.7099736,-0.6007236,0.211012,-1.174287,-1.090537,-0.7325161,0.3853121,-0.8090667,0.17379,-0.9806051,1.150539,-0.197704,0.2625035,0.3860191
"HV313",-0.6802973,-1.133883,-1.00932,-0.7639183,-0.2078484,-0.4998444,-0.3918699,-1.339403,-0.2761863,-0.5489268,-1.291072,0.03909618,-1.172431,-1.274747,0.3932574
"HV353",-1.348597,-3.064976,-2.422544,-0.5304308,-0.5306658,-0.6518627,-2.355953,-1.157345,-1.272337,-0.9760241,-1.951237,-0.2526126,-5.04216,-1.53542,-1.529286
"HV330",-3.145582,-2.829731,-4.338962,-3.203464,-2.016963,-3.99355,-2.617736,-2.632132,-3.195622,-3.155459,-3.915635,-2.228096,-3.224543,-3.468154,-3.481416
"HV333",-5.318851,-4.265367,-6.226523,-2.295116,-3.654488,-4.450953,-3.856208,-3.137634,-3.678869,-2.894171,-3.707259,-3.692524,-6.432427,-3.3075,-3.74457
"HV333_2",-1.407465,-2.078537,-5.319599,0.2340581,0.03870821,-4.454573,0.2443917,-0.9825612,-0.363641,-0.4206904,-1.98591,-0.1832936,-1.429954,-1.470012,0.4845545
"HV330_2",-2.283381,-4.485562,-5.057151,-3.031737,-1.975639,-6.134794,-2.783776,-1.872439,-2.455796,-3.617599,-2.714134,-2.029481,-3.446049,-3.875444,-2.351912
"HV307",-0.7072566,-0.7363432,-1.54324,-0.5877849,-1.028858,-1.011171,-0.8048849,-0.5433664,-1.021457,-0.2987948,0.2470098,-0.1896171,-0.602706,-0.7404131,-0.9388092
"HV307_2",2.26229,1.857758,1.816423,2.366334,2.113221,1.826174,2.956661,3.352197,1.690106,2.616635,2.688588,2.939114,1.624738,2.987382,1.788673
"HV439",-2.188108,-3.454699,-3.79229,-0.9818361,-0.5455198,-6.591765,-1.300639,-1.782959,-0.8904333,-0.6306531,-2.66931,-0.7001612,-2.094538,-2.236196,-1.924292
"PIGR",-1.305321,-5.779484,-1.949178,-3.160078,-2.973046,-3.7287,-1.827915,-3.868436,-2.910868,-3.920871,-3.222683,-1.938769,-5.254039,-2.422961,-3.17639
"IGKC",5.957062,4.71483,5.667064,6.388184,6.310735,5.525532,5.796544,6.377622,6.136611,5.975879,6.347044,6.751491,6.087222,6.040381,5.924507
"IGHG1",5.813115,2.892593,6.080714,5.429211,6.133006,5.070923,6.557729,6.207168,6.302742,5.67767,6.659397,6.654751,6.867504,6.307891,5.538038
"IGHG2",5.218342,4.109986,3.867358,5.488515,4.986267,2.398063,3.181472,5.029846,4.991051,5.243247,5.742968,5.298225,4.464013,4.358369,5.323368
"IGHG3",-1.879378,-1.558766,1.625818,0.1994992,0.1193002,2.67299,0.6170033,3.025937,0.3221397,-2.884058,2.68883,-1.210469,1.087391,2.321881,-1.395295
"IGHG4",3.068523,3.409791,3.005766,2.102036,1.769005,1.338857,1.757633,1.636826,2.431097,2.413755,2.816931,2.85051,-1.313136,1.226307,1.593459
"IGHM",4.880983,5.263499,4.745319,4.387634,5.163795,4.499352,5.27341,5.866136,3.309328,3.852699,5.123787,5.6394,4.841061,5.68014,3.592442
"IGHA1",5.035044,3.364156,6.761721,4.646996,5.858376,5.928479,6.258206,6.436003,5.593505,6.759058,5.277889,6.420197,5.728379,5.616595,5.059255
"IGHA2",0.3503673,-1.424273,2.142484,0.5422785,-1.780373,1.884459,0.885701,-2.720788,0.2039349,1.12387,2.591514,1.910674,3.264311,1.645517,0.987085
"IGHD",0.3023839,-3.370384,-2.400021,1.558883,1.97781,-0.351458,-3.00271,2.440771,-0.2806044,0.1807088,-4.242129,-2.392128,0.1607482,0.3464248,-1.504516
"HBD",-2.694109,-3.567006,-1.549839,-2.352347,-3.219244,-3.507394,-1.720401,-7.040985,-1.601501,-2.517164,-2.252203,-2.571753,-3.321253,-5.856466,-2.094632
"APOA1",7.932154,9.373283,7.729809,7.410352,8.059278,8.292199,6.833383,8.04401,7.816299,7.673448,7.144279,7.202194,9.107638,7.684636,6.928913
"APOE",4.276863,4.13356,4.096883,3.242763,4.007512,5.234643,4.45874,3.919681,4.616698,3.841421,4.963071,4.196335,4.407008,4.120337,4.132209
"APOA2",3.207328,4.150392,4.178349,3.158155,3.389783,3.897458,3.154624,3.402405,3.127768,2.994825,4.692342,3.388737,4.32576,3.399929,3.286949
"APOC1",1.442586,1.878817,0.6205522,0.755706,0.8519077,1.557643,0.2730408,1.008065,1.688549,0.3888153,0.4855867,1.371522,1.820109,0.8457147,1.478208
"APOC2",1.115583,1.917379,1.289588,1.197734,1.444988,2.827206,1.925464,1.17622,1.705872,0.7552636,3.924757,0.7680868,3.016942,2.055817,1.558988
"APOC3",4.579277,3.965855,3.849187,2.456113,3.493083,4.756989,3.681594,3.293275,4.350918,4.161096,5.93688,4.170236,5.195619,4.214608,3.780329
"FGA",8.750021,8.204604,9.179208,8.703429,8.380576,8.33271,8.503461,8.224586,8.648924,8.613243,8.471171,8.017639,8.83355,8.127332,8.418321
"FGB",8.756665,8.126288,9.244355,8.524855,8.227264,8.642683,8.499573,8.250442,8.517845,8.601654,8.54954,8.047177,8.700749,8.029999,8.398161
"FGG",7.912457,7.397604,8.221612,7.86878,7.231994,7.613852,7.772231,7.470963,7.669556,7.775039,8.03581,7.226137,8.051318,7.002402,7.406152
"APCS",-0.2155129,1.48787,0.07062638,-0.5604875,-0.2314028,-5.468604,-0.8582162,-1.400957,-0.5011767,-0.1376854,-3.556001,-0.03442872,-2.619129,-1.195198,0.2513969
"C1QA",1.840505,2.069266,2.784622,1.447162,1.373218,2.044073,1.839503,1.544939,1.490929,1.563167,1.857543,1.477566,1.396391,1.673575,1.673475
"C1QB",0.5405991,0.669382,0.7638132,0.6368451,0.6789902,0.7120893,0.7154055,1.120666,0.4504995,0.4160848,1.27672,0.4470244,-3.362459,0.8735685,0.6032842
"C1QC",1.82929,2.084892,1.743152,1.778087,1.932865,1.054404,1.923267,2.200204,1.878428,1.801969,1.922936,1.747931,1.394112,1.848455,1.927476
"C9",1.792529,1.650736,2.041662,2.213512,1.295699,2.856343,2.181511,2.206467,2.160501,2.086406,2.208789,1.594283,1.895456,1.611753,1.227374
"APOH",3.662047,2.573357,4.707872,3.8772,3.42763,5.253995,3.817747,4.574955,3.412136,3.904263,4.370272,3.772861,4.104684,3.764719,4.027318
"LRG1",3.085294,3.327532,3.571673,3.134623,2.485514,3.83872,2.954264,3.037735,2.342657,2.959297,1.197008,2.647527,2.232854,2.993486,2.111395
"FN1",6.023201,5.839073,6.085365,6.684677,5.964721,5.383171,6.320013,4.410483,5.805359,6.23723,5.56132,6.048233,5.685329,5.157257,6.153398
"RBP4",1.758241,-1.411809,2.8018,1.748364,1.786805,2.546378,1.59451,2.308455,1.296669,1.794574,1.856427,1.406382,2.676774,2.296649,2.211925
"AMBP",2.406634,1.817517,4.439199,2.63317,2.864011,4.559137,2.618068,3.851937,3.038515,3.18332,3.235431,3.026789,3.64353,3.815653,3.248257
"ORM1",5.057968,3.625368,6.222569,5.644563,4.937271,3.426618,5.284959,5.972905,5.360776,5.45491,5.711012,5.560935,6.281747,5.950052,5.402293
"AHSG",5.168514,4.29638,5.734905,3.749185,4.464577,4.602669,4.407125,4.019929,4.415909,4.362541,4.216359,4.824026,5.321411,4.558251,4.755542
"TTR",-0.3712862,0.3906161,1.883528,-0.953512,-0.5297484,0.8038886,-0.9876598,-0.2884797,-0.3693555,-0.4511909,-0.7315226,-0.3479353,0.3473706,0.2039862,-0.05908344
"ALB",10.91064,11.17534,11.24531,10.5999,10.98684,11.56255,10.72829,11.35097,10.73314,10.60453,11.39909,10.76502,10.95215,11.26667,10.6309
"GC",5.495244,4.670052,5.960046,5.281486,5.803811,6.258266,5.030071,5.909369,5.263229,4.93462,5.705825,4.944805,5.454071,5.784885,5.311093
"PPBP",-1.477017,-0.7087004,-1.898109,-1.784806,-1.134513,-1.85922,-0.9402632,-1.296051,-0.9758411,-1.124658,-0.913715,-2.424905,-0.9290822,-2.933525,-0.7248091
"PF4",-2.77019,-2.530456,-2.447187,-2.80675,-2.223709,-3.19797,-1.509777,-1.658471,-1.965135,-2.049764,-2.960464,-3.310905,-3.816067,-6.791485,-1.923546
"TFRC",-0.3145509,-1.333466,-4.418451,-2.242464,-1.777495,-2.615367,-2.817792,-3.663814,-1.840701,-2.132162,-1.963551,-1.399944,-2.399636,-1.848251,-1.635269
"TF",9.9467,8.24096,9.847932,8.910055,8.710054,9.386471,8.788842,9.202731,8.871024,8.940831,9.403672,8.859617,9.592635,9.056949,8.608318
"HPX",6.29324,6.492719,7.095553,6.027735,6.288772,6.920773,6.05629,7.06361,6.147862,6.018305,6.959458,5.825549,6.851338,6.564288,6.096245
"F11",-4.002743,-1.189812,-1.369021,-1.794544,-0.8804944,-2.294035,-3.632329,-1.056894,-1.976596,-0.8352653,-3.498798,-2.537914,-1.356784,-2.348234,-1.308944
"KLKB1",2.007772,2.603883,2.361781,1.961912,2.563715,3.031524,1.844508,2.603472,1.958091,2.336444,1.982524,1.920298,2.402451,2.613516,1.966955
"C4BPA",2.571008,3.738862,4.258921,3.389687,3.353561,5.369573,2.689176,3.919312,3.108275,2.864813,3.632368,2.947463,5.095385,3.877522,2.968733
"VTN",4.951151,4.147372,5.279002,3.958435,4.130372,4.658964,4.548147,4.870729,4.127947,4.358064,4.997335,4.286226,4.457235,4.562811,4.333012
"PROC",-1.783467,-3.476603,-2.413094,-1.812017,-1.643954,-3.656748,-1.764488,-3.154199,-1.834488,-1.648403,-2.320187,-1.575065,-4.134017,-3.043364,-1.824351
"APOB",4.609875,5.481575,4.481117,5.163301,4.866626,5.09282,5.337292,5.313004,5.838647,4.84298,4.740005,5.589729,7.05859,5.304801,4.902658
"LCAT",-0.438416,-0.1896037,-0.2626211,-0.884001,-0.8053378,-0.2806232,-0.5261576,-0.2372352,-0.5985146,-0.648905,-0.1434907,-0.6910726,-0.6160646,-0.207396,-0.6625409
"HRG",3.273397,2.581088,3.182815,3.15039,4.197546,1.562744,3.282905,4.121855,3.556058,3.374365,4.928068,3.873664,4.879789,3.620463,3.954607
"KV320.1",-2.675703,-5.95206,-6.790135,-2.731328,-5.888834,-4.952911,-2.611919,-4.128076,-3.319692,-2.933433,-2.413699,-2.67644,-3.684856,-3.466644,-3.458825
"KV315",2.014107,1.290107,1.131663,2.27582,2.011561,1.050119,1.927488,1.823856,2.38629,2.436604,3.047503,2.476617,2.406112,2.162127,2.468748
"LV743",-0.09866154,-0.5846004,-0.5144741,0.119605,0.1490214,0.620796,-0.7796449,0.0943734,0.04478678,0.06951913,1.08347,-0.01899484,0.6258751,-0.3206015,-0.798429
"A1BG",5.232138,5.150195,5.874977,4.605976,4.459766,5.255185,5.089954,5.097357,4.628147,4.873285,4.520811,4.647532,5.322905,4.855111,4.703456
"IGHM.1",-0.1393054,-0.3516501,-1.014889,-0.8353078,0.1368048,1.869942,0.2245174,3.233939,-1.605386,-1.127613,0.3038864,0.2538353,-0.01023837,2.981479,-1.676024
"VWF",0.7977183,-5.195634,0.02184677,1.749969,0.8027326,-0.5593193,1.969612,-5.723027,1.093406,1.536914,-0.03662056,-3.719081,-3.265554,-1.734331,1.563435
"SHBG",1.466662,0.5515465,-0.5448728,-0.3005682,-1.568411,-1.412755,-1.471189,-0.6425195,-1.077976,-1.36325,-1.353307,-3.245347,-1.91937,-0.8789856,-1.509772
"GAPDH",-2.369476,-0.3586924,-5.477831,-2.489845,-2.124379,-4.272713,-1.815946,-0.1709063,-2.811175,-6.919309,-3.371497,-2.716652,-4.813871,-1.246284,-1.996036
"KV116",-0.1214674,-4.371038,-5.913485,-0.2545516,0.2844865,-6.233908,-0.5389404,-7.620569,-0.2309783,0.01591659,-3.008241,1.020889,-2.808426,-4.566046,0.3582592
"KV311",2.666767,1.78716,1.715313,2.546288,1.966676,2.174031,1.8169,-1.312077,2.298634,2.285729,2.413405,2.828319,1.699193,-1.198037,2.953196
"KV310",-3.346468,-3.911034,-5.340769,-3.116868,-2.673648,-2.108442,-6.653523,-6.014037,-2.900985,-3.408128,-2.613857,-6.931408,-7.399518,-2.530684,-3.091474
"HV270",-2.394404,-2.039963,-2.292735,-2.171683,-1.602276,-2.525425,-5.713919,-7.449957,-1.981288,-1.28911,-3.328316,-0.812207,-4.25811,-1.811855,-5.959778
"APOD",2.825252,2.993685,3.124792,2.503963,2.661276,3.226962,2.543379,3.399797,2.965108,2.774532,3.450624,3.120518,3.538619,3.554847,2.682121
"SERPINA5",-6.011641,0.2221813,-5.41651,-6.564185,-0.09934282,-4.706388,-0.2180123,-0.2627628,-1.131603,-5.792547,-3.555527,-7.505243,-2.516878,-0.4914067,0.001109123
"SERPING1",4.07536,4.314376,3.546789,2.132457,4.044915,3.40259,4.288092,4.403781,3.809757,1.833798,4.276687,2.673957,4.643712,4.427955,3.913476
"CFI",1.217317,2.011401,2.124902,1.404526,1.578156,2.645483,1.912504,1.889372,1.606111,1.740445,2.142514,1.803668,2.179973,2.213966,1.65808
"F13B",0.6756819,0.8846686,0.4285099,-0.6310807,0.8564242,0.8588557,0.1647422,0.1452765,0.4563966,0.7834599,0.8896929,-0.7999119,-0.7311717,0.8816897,0.4592003
"CLEC3B",-1.187947,-0.6554416,-1.549681,-0.8810238,-0.5489339,1.100092,-0.6989449,-0.160428,-0.6569605,-0.7086995,-1.029595,-0.4058535,0.6190647,-0.2637445,-0.5527984
"SERPINA7",0.2816862,0.06142354,-0.05707353,-0.1180412,-0.5889608,0.1888952,-0.3392127,-0.02406913,-0.2529545,-0.7753191,-0.5069541,-0.4166776,-0.5669169,-0.9072357,-0.2754047
"SERPIND1",3.649031,3.427299,3.554426,2.840034,2.921246,2.339659,3.365694,3.496174,2.881217,3.002224,3.385701,3.088923,2.799896,2.946632,2.764621
"BCHE",-0.8540522,0.2530646,-1.128246,-0.6075804,-1.205498,-0.388918,-0.5591452,-0.979591,-0.7182938,-1.103332,-2.533935,-0.6331754,-0.2858289,-0.7460545,-0.3277177
"KV230",1.392166,1.326278,1.505603,1.138878,0.7896211,-0.1688663,-1.298692,0.7983459,0.4897508,0.5817457,1.104303,2.159649,0.4324214,-0.8024979,1.778215
"KV320.2",-4.282872,-4.961942,-7.015462,-6.101289,-4.677063,-4.544708,-6.43524,-5.906614,-5.208916,-5.249247,-4.181738,-5.654142,-6.232778,-5.627012,-4.686939
"LV151",-1.221238,-2.21611,-1.74088,-1.099558,-0.6765748,-4.751457,-0.6158408,-0.7269891,-1.417985,-1.074774,-1.388527,-1.699966,-0.4299291,-4.137136,-0.8865315
"LV657",-2.962208,-2.53585,-3.784391,-3.592817,-2.375598,-1.605327,-2.680329,-1.893962,-2.985344,-2.273148,-3.888846,-3.676792,-3.960061,-4.966033,-3.16302
"LV657_2",-2.721881,-2.199889,-3.608038,-3.36044,-2.16491,-1.745497,-2.465276,-1.821817,-2.780012,-2.054905,-3.738697,-3.43837,-3.732127,-6.725536,-2.88044
"HV434",-0.2976205,-3.613399,-3.303525,-6.221997,-6.734935,-4.206206,-6.337069,-2.035895,-6.081904,0.2432485,-2.457289,-4.947913,-1.152809,-2.822501,-5.564409
"GSN",3.118889,3.349264,2.929611,2.915493,3.086174,3.001016,2.614225,2.933789,2.981505,3.059926,3.793044,3.176283,2.924459,3.000035,2.828361
"C2",2.119338,2.478909,2.564669,2.119134,1.810819,1.757484,2.217105,2.277797,2.01841,2.134315,2.159327,1.740967,2.04547,2.229632,2.273496
"APOA4",4.707632,5.32375,6.205649,4.280437,4.905393,4.455653,3.754439,4.428799,4.659082,5.228961,4.453692,4.603648,5.098558,4.249814,4.702594
"ENO1",0.3133971,-0.2297533,0.7521894,0.3713267,0.09467471,0.2008382,0.5873735,0.5658042,0.3651187,0.174347,0.5616664,0.2034867,1.236231,0.1206201,0.4031241
"LDHB",-3.307087,-2.040257,-4.641252,-4.297002,-3.924374,0.4489925,-4.484617,0.1864092,-4.039698,-7.050045,-0.5339175,-4.961112,2.107432,0.3944287,-3.698622
"PROS1",1.711415,2.036781,2.725999,1.70834,2.109254,1.74139,1.833486,2.243331,1.990434,2.134915,2.054241,1.715313,1.617522,2.025162,1.860387
"C8A",2.209085,1.985948,2.475076,1.964889,1.997282,2.042856,2.172745,2.220477,2.139576,1.878289,2.236975,1.661357,1.730778,2.436799,1.367854
"C8B",1.357423,1.633768,0.5568451,1.311566,0.5812415,2.052447,1.063942,1.195123,0.9314585,0.9674357,2.543316,1.020676,1.739659,1.29768,0.2689103
"GP1BA",-3.342661,-3.565865,-2.043229,-3.453256,-4.106576,-2.146571,-3.989736,-2.44183,-3.182654,-2.676409,-4.188459,-4.225752,-3.353836,-2.64064,-3.346189
"C8G",1.723558,1.330699,1.039815,1.357202,0.496743,1.443521,1.804757,1.406175,1.574742,1.688563,2.431141,1.36823,1.041464,1.391361,0.6737709
"PFN1",-6.443206,-3.565037,-3.649044,-2.414175,-5.48076,-4.597464,-2.009958,-3.195343,-5.351671,-5.064635,-3.866445,-5.778369,-4.19451,-5.414753,-4.19408
"THBS1",-4.013897,-5.109394,-4.622074,-2.455117,-2.958799,-5.602121,-1.203981,-3.777469,-1.591125,-1.678963,-2.568053,-4.559603,-3.817182,-6.769778,-1.441041
"SERPINA6",0.9526716,1.246893,0.8512293,0.8508378,0.4546314,0.9596649,0.1328638,0.04832637,0.257925,-0.5635273,-1.234878,0.1925822,1.077857,0.2115182,0.1985813
"MGP",-6.817446,-5.921117,-4.552478,-5.851403,-4.650058,-5.07715,-5.546357,-5.24495,-4.50535,-4.585724,-4.552728,-4.586711,-5.04424,-5.205812,-4.906705
"LPA",2.078368,1.358371,-0.3082233,-2.633749,-1.702428,-5.472161,0.8870428,-1.560892,0.2534212,0.3239651,-3.417696,0.7339855,2.587657,-0.3830812,-1.263893
"CD14",-0.9133635,-0.4618955,-1.136431,-0.8082269,-0.8367771,-0.303213,-1.205488,-0.4021501,-0.8118984,-0.6100539,-0.3263919,-1.010885,-0.7307868,-0.6503127,-1.069341
"PTPRC",-3.220505,-3.642115,-4.28249,-4.454278,-4.772848,-5.117688,-4.323872,-4.950195,-3.04571,-4.746389,-2.95308,-4.519561,-3.675902,-5.166285,-2.870549
"CFH",4.572123,5.143951,5.759057,4.551671,4.78229,5.98833,4.852339,5.741333,4.772544,4.464036,5.485369,4.781491,5.285336,5.840893,4.878473
"SERPINF2",3.522483,3.382012,3.723784,3.26577,3.681646,3.365298,3.394803,3.781308,3.290701,3.342236,3.811869,3.090168,3.701756,3.564492,3.480258
"F7",-4.888032,-4.033892,-5.173705,-5.24725,-4.44467,-2.289787,-5.220884,-5.281639,-4.47691,-3.411448,-3.841308,-4.819544,-4.522016,-7.900105,-4.709112
"DBH",-1.943309,-1.17597,-0.4917744,-1.074615,-1.185938,-1.283547,-0.5332133,-0.07553518,-1.807152,-3.183286,-0.7147142,-3.941698,-1.632315,-0.5079218,-0.684775
"C1S",2.425302,2.613454,2.514624,2.111904,2.394732,2.420268,2.226429,2.536324,2.14497,2.022683,2.400038,1.892091,1.728728,2.408289,2.324777
"C4A",-3.841574,-3.611324,-5.722423,-3.884981,-5.624559,-0.5754535,-3.839399,-0.7170496,-3.447228,-2.841399,-3.684978,-4.214285,-2.207983,-0.4495816,-3.060362
"C4B",-1.254156,-0.3436858,-0.6607231,-0.684585,-1.85275,-0.256739,-0.2838954,-1.433489,-0.4204754,-0.3886322,1.314926,-0.9964117,0.4163119,-0.08387089,-0.7087482
"IGLC2",-6.105475,-2.34241,-5.647273,-5.977418,-6.123394,-1.518896,-5.053926,-6.381712,-5.110897,-5.977034,-4.492981,-5.703735,-4.016266,-4.619349,-6.45661
"SAA1",-0.6117685,-1.484758,-2.394931,0.5119723,-2.187186,-0.006988287,-1.123718,-2.113576,-1.487249,-0.277373,-0.7323751,-4.320898,-2.433827,-1.890818,-2.350914
"SAA2",-1.702529,-3.981075,-4.122362,-2.667664,-3.861204,-2.593801,-3.75279,-7.513708,-4.409569,-3.004898,-6.68606,-6.715587,-4.773095,-2.956744,-6.562859
"C7",0.9188306,1.874617,1.783727,1.335141,0.998398,2.900722,1.124222,1.866133,1.136424,0.5799698,0.7269148,0.8713188,1.431679,1.732775,1.019473
"CLU",3.562153,4.0754,4.54723,3.677472,3.979311,4.34389,3.261182,3.911816,3.609773,3.679813,4.071031,3.431485,4.289881,3.895689,3.497227
"CLU.1",2.669457,3.050638,3.909518,3.025148,3.191406,3.609964,2.603668,2.546732,2.900812,2.710298,3.24641,2.598609,3.273504,2.665968,2.747632
"MBL2",-2.963224,-5.243958,-2.839883,-3.679792,-6.390768,-4.239958,-2.660642,-5.054557,-3.820348,-3.683974,-1.892573,-4.103161,-4.304379,-5.299124,-2.622828
"MTHFD1",-2.940832,-4.156662,-4.716224,-2.054943,-3.947742,-4.210705,-2.172205,-4.222516,-3.332969,-5.127304,-5.333855,-5.378741,-2.816722,-6.273731,-5.02073
"CETP",-4.541245,-5.174484,-4.632622,-4.4902,-4.363965,-6.536268,-4.582692,-3.360086,-3.628222,-4.372561,-3.83712,-3.94332,-4.184887,-4.911496,-3.921949
"IGF2R",-5.790299,-4.637321,-3.745655,-5.519831,-5.45189,-5.664403,-5.466736,-3.716702,-2.274421,-4.869198,-4.921844,-2.98654,-4.191365,-3.666804,-2.726898
"COL6A3",-5.649956,-6.260589,-5.921315,-4.354469,-3.765239,-6.286218,-4.559589,-3.980365,-3.503545,-4.689506,-5.663954,-4.017715,-4.478946,-4.725288,-4.659216
"F5",-0.9299857,0.2908068,-1.081359,0.03224733,-0.1813715,0.3348532,-0.4358447,0.0916321,-0.4937654,-0.3832569,0.6690347,-0.5195788,1.096684,0.2112084,-0.4596997
"MYH7",-3.10759,-5.072308,-5.525918,-5.549182,-2.624342,-3.799941,-2.554464,-3.184815,-6.099957,-6.734148,-4.016121,-5.277806,-3.852114,-3.755165,-4.954228
"NCAM1",-5.711028,-3.303754,-2.360386,-3.306407,-3.470169,-2.208297,-2.444729,-2.283677,-2.964689,-2.823852,-1.528602,-2.989799,-2.120148,-2.557731,-3.252875
"C6",2.07887,2.555783,1.687699,2.032179,2.30053,2.702883,1.979949,2.508316,2.127869,2.023507,1.12112,1.985401,1.640938,1.997572,1.940511
"LCP1",-2.836061,-1.424477,-3.756881,-2.572778,-1.092018,-1.755512,-2.601252,-1.203343,-3.459113,-2.956361,-0.265842,-2.168067,-4.758089,0.05478311,-2.667245
"SELL",-3.376358,-2.281936,-2.761408,-3.762702,-4.998374,-3.929036,-3.961206,-3.20993,-3.137683,-2.661892,-5.250919,-3.047795,-4.605811,-3.417823,-3.00079
"CPN1",1.356921,-0.5820549,0.2703058,-0.2726115,0.6623641,-0.3523007,-0.3311433,0.2224595,-0.5093294,0.6498359,0.02647567,0.360907,-0.002252758,-0.4635471,0.7082214
"DSP",-4.818257,-4.128934,-4.37819,-6.191662,-3.018887,-3.790521,-6.011965,-6.784286,-4.348197,-5.773539,-4.778099,-6.063864,-4.279742,-4.162003,-4.514216
"IGFBP3",-0.5479247,-2.869028,-0.1312847,-2.171427,-1.262981,-0.4095131,-2.153649,-0.5045261,-1.442389,-1.170655,-1.080514,-0.9587605,-1.150791,-0.458727,-1.572289
"VCL",-3.879437,-3.999047,-3.663769,-4.821065,-4.681919,-5.529448,-5.992962,-5.496225,-5.042657,-4.910609,-4.593947,-2.233036,-2.418426,-4.403344,-5.912242
"LBP",-1.617954,-1.240139,-2.321977,-0.1765101,-1.560565,-1.00456,-0.5913785,-1.108818,-0.5997148,-0.8311619,-2.009054,-1.141418,-2.399013,-0.5151616,-0.9246508
"ORM2",2.092139,-0.3435972,2.962682,1.67687,1.870526,0.9927654,2.147669,3.278905,2.273886,2.505049,4.119629,2.415944,3.57269,2.888726,2.484282
"ITIH2",4.264716,4.800903,4.822228,4.465408,4.055319,4.389657,4.430655,4.651977,4.444187,4.294756,4.809343,4.198717,4.767616,4.334901,4.747673
"ITIH1",3.515027,4.277172,4.337165,4.241858,3.730808,3.911503,4.048048,4.492865,4.108793,3.994756,4.281178,3.843418,4.352528,4.258945,4.365404
"TYMP",-2.8284,-5.502549,-0.8860357,-5.842462,-5.517851,-5.116055,-5.630848,-4.512371,-2.435802,-0.02500963,-5.454637,-1.477059,-1.975512,-6.940288,-4.139841
"PZP",1.826657,0.5793914,-0.223539,-0.9281201,-0.803502,0.1140253,0.921621,1.070056,0.9162991,0.6108309,-0.4082186,-0.4993695,0.6540723,0.2957689,-0.8879449
"C4BPB",-1.054993,-3.874063,-0.06558704,-0.5051993,-0.5214531,-0.07569003,-0.6582654,-0.5941808,-0.6827378,-0.80221,-0.6677342,-0.7750584,-0.2058535,-0.7474972,-0.7517064
"FLNA",-4.682304,-2.71087,-4.477927,-3.11869,-4.475329,-3.521013,-3.303119,-7.617065,-7.415995,-5.147878,-3.943831,-5.41391,-3.258215,-5.995702,-4.419098
"SCP2",-3.016603,-4.92592,-3.460297,-3.991179,-3.013864,-4.734891,-4.698819,-1.370995,-2.637088,-3.830289,-2.434168,-3.251446,-2.144996,-1.423742,-3.638196
"GPX3",0.1992422,0.8724864,1.044916,0.8620474,-0.02054095,0.9597464,0.09607081,1.005143,0.07426823,0.07928416,-0.8872905,0.2170722,1.422169,1.117353,0.2871863
"CPN2",1.932584,1.963477,1.069012,0.7305852,0.7871075,1.769459,0.6504138,1.558328,-0.256911,1.257027,1.014357,0.5121772,2.03948,1.385515,0.8601084
"PROZ",-1.786829,-1.098138,-1.906509,-4.037587,-3.174116,-2.002533,-1.898861,-1.204017,-2.801587,-3.156301,-3.211924,-2.33599,-3.231037,-1.157449,-3.142442
"HV102",1.861382,0.8199837,-0.5336233,0.8311087,1.900205,0.5716143,-0.4353833,0.7856423,-0.5572123,1.293377,1.49554,1.912429,2.302428,0.9703064,-1.247493
"FBLN1",-0.2402114,0.7361558,0.3014857,0.478135,0.3755616,0.1515374,-0.1788912,0.1966583,0.3080676,0.6809396,0.4211568,0.06191631,0.1266775,0.01967669,-0.4526232
"FBLN1.1",-2.623398,-2.178215,-2.746386,-2.474644,-2.448827,-2.007612,-3.019828,-3.068456,-2.431353,-2.448832,-1.991258,-2.756644,-1.827131,-3.227907,-2.924925
"AZGP1",2.781741,-1.826752,-1.677193,3.071179,3.232095,-1.481493,1.957829,2.8993,3.021557,2.841539,3.809572,2.874069,3.16099,3.121899,3.269679
"ATP5A1",-3.570837,-5.22699,-7.387712,-4.082165,-3.358326,-3.940778,-3.977454,-4.687061,-3.383573,-2.830068,-5.672844,-3.725954,-6.832476,-3.209936,-3.911631
"MSN",-3.924034,-4.928924,-2.610426,-7.347632,-2.835796,-6.585451,-3.078113,-2.544842,-4.198541,-3.998426,-1.053756,-7.531791,-0.282505,-2.670267,-4.146691
"MST1",-2.53036,-4.132927,-4.019331,-2.861597,-1.843901,-3.187364,-2.81537,-2.180655,-3.298002,-4.381343,-3.529902,-2.48404,-0.8824741,-1.516637,-2.138808
"PON1",3.533381,3.636009,3.89187,1.930377,3.257622,3.729676,2.825929,3.557188,3.04154,3.026675,4.475281,2.972335,3.695793,3.353901,3.421419
"MAP4",-0.6753404,0.95728,0.1635402,-0.1934988,0.520543,1.120728,0.02586585,0.1052714,0.2485235,0.4496459,-0.4694985,-0.1606165,-0.5454421,1.161037,-1.517438
"CFP",-2.549996,-1.082412,-3.067899,-3.046443,-1.68349,0.1707382,-2.764899,-1.075948,-2.637341,-0.7205911,-2.444163,-1.336281,-2.979224,-0.6911358,-1.375881
"SERPINA4",0.7928538,1.309315,0.7686699,0.7912209,0.5893339,1.385594,0.7244883,0.07828724,0.6989725,0.6859866,-2.086629,0.7964041,1.920082,1.346731,0.9710399
"PRDX2",-4.164246,-7.832494,-3.099045,-4.649993,-7.282461,-6.856655,-3.308186,-7.150373,-3.146626,-4.518128,-5.338868,-3.910463,-6.95899,-6.649781,-3.648731
"SAA4",1.070813,1.625664,1.841428,0.5797265,0.6348246,1.700792,1.596068,0.4191207,0.7502586,0.9901209,2.838852,0.4064312,2.62114,1.42819,0.6265056
"MYH9",-0.7231315,-4.848682,-2.508707,-1.717516,-0.9070792,-4.510193,-2.534287,-4.614416,-1.654688,-1.680417,-1.652585,-0.8380736,-1.329202,-5.699487,-1.484576
"IGFALS",3.179434,2.200345,2.389702,2.147242,2.338229,2.191123,1.468441,2.822662,2.179127,2.410366,1.803377,2.319966,2.640459,2.454182,2.295519
"SERPINF1",1.645581,1.7803,2.273863,1.084827,1.132483,1.801411,1.509874,1.876323,1.466688,1.718505,2.21348,1.541111,1.718546,2.133955,1.24033
"CFHR2",-1.925598,-2.523706,-1.112981,-2.510992,-3.319293,0.8817072,-0.775843,-0.6822723,-0.6575218,-2.046986,-2.664626,-1.783538,-2.200314,-0.1346035,-2.550129
"TAGLN2",-6.268822,-4.515011,-3.986834,-4.521781,-5.090822,-4.986951,-4.925788,-5.972119,-4.50731,-6.47594,-4.743984,-5.585675,-5.255551,-6.18783,-4.315784
"GP5",-4.272234,-4.976204,-6.00551,-5.774913,-3.696521,-5.195748,-4.491843,-3.2544,-4.846595,-4.787829,-3.184996,-3.969832,-4.436517,-2.722642,-4.388542
"ACAA2",-4.036802,-5.76827,-5.005941,-3.754641,-2.872776,-5.042413,-4.131725,-3.80088,-3.423975,-4.049663,-2.209989,-3.906993,-3.657973,-3.707439,-3.350834
"MCAM",-2.269705,-4.859022,-3.104261,-4.95356,-3.988599,-5.230683,-6.927219,-4.763213,-4.439929,-4.118402,-6.0485,-4.675878,-6.188461,-3.808741,-4.903283
"BTD",-1.973903,-1.94431,-2.607482,-2.421205,-2.800508,-3.211327,-1.907206,-1.757704,-1.693515,-1.543267,-2.002221,-1.64254,-2.353203,-2.630001,-1.633985
"AFM",4.835946,1.47625,4.633171,4.477515,4.312297,3.336231,4.27086,3.510882,4.234409,4.644228,3.488275,4.409309,2.387414,2.497642,4.297485
"CAPZB",-3.12661,-3.115138,-3.603789,-8.561379,-6.762565,-4.3568,-5.783639,-6.331566,-3.081269,-3.707894,-3.272157,-3.32433,-6.733369,-4.065495,-3.083687
"MASP1",-1.659133,-1.575322,-1.473349,-1.551699,-1.445774,-2.812992,-2.3091,-3.826044,-1.952397,-1.833666,-2.254962,-1.762976,-2.104129,-2.470963,-1.438496
"COMP",-5.319377,-5.088546,-6.380081,-5.820794,-7.905453,-5.900642,-6.171801,-5.345359,-5.880718,-5.508853,-5.067192,-5.078417,-5.167897,-5.015104,-6.365155
"SEPP1",-0.5495901,1.097234,0.6384172,0.3541791,0.4653863,0.2301502,-0.6641586,-0.5802984,-0.2714314,-0.8772008,-0.834259,-0.2299946,-0.7257921,-0.003883898,-0.06455228
"CAMP",-2.016781,-3.526155,-5.47494,-5.711332,-5.255069,-3.597528,-4.914322,-5.900391,-5.782255,-5.891111,-4.469254,-5.957517,-3.818049,-5.077759,-4.597126
"LUM",0.6527173,1.05397,0.3840797,0.812163,0.916777,1.25247,0.6423391,0.6138469,0.9457414,1.233593,1.524578,0.7084961,1.145713,0.6711676,0.4904822
"HNRNPM",-2.962923,-2.06206,-2.3294,-2.819097,-2.389302,2.020024,-9.460487,2.400637,-2.821841,-10.63095,-2.386054,-2.548975,-1.604499,2.252764,-5.909011
"CRISP3",-3.946325,-4.537184,-4.021227,-4.230566,-7.42836,-4.433088,-7.089926,-3.743816,-5.24617,-2.968208,-2.826881,-6.891475,-2.866348,-3.643024,-3.888407
"APOC4",-1.959813,-3.88431,-3.002697,-3.620138,-1.320369,-2.938569,-1.827223,-3.775479,-0.2196579,-3.408121,-3.164981,-1.485628,-3.118965,-1.990004,-1.901621
"PLTP",-1.832024,-1.355105,-1.948804,-2.202602,-2.045059,-0.7249483,-2.958506,-1.118436,-2.379086,-2.198707,-3.685282,-1.882476,0.01060629,-1.27838,-2.52735
"INHBC",-5.04635,-5.262517,-5.859001,-6.063215,-4.917071,-4.101651,-5.153522,-4.954868,-4.789554,-4.996254,-3.637966,-5.436855,-5.788553,-5.824504,-4.830165
"LYZ",-3.59844,-3.406832,-5.503809,-4.419498,-5.375477,-6.842278,-4.857937,-3.020641,-4.370645,-2.633475,-4.296039,-4.437814,-4.505506,-5.006592,-3.581414
"B2M",-6.272471,-2.257308,-4.830078,-6.377475,-5.536139,-3.485639,-6.137846,-5.719247,-5.767263,-5.33112,-3.11783,-2.108254,-5.382469,-5.949717,-6.334436
"TPM4",-4.173036,-4.061013,-3.498055,-6.55869,-3.724929,-6.517616,-4.635015,-5.537537,-6.108992,-4.181688,-3.68214,-3.38887,-5.237679,-6.692622,-4.198314
"ACTA1",-7.097001,-2.504781,-2.89899,-1.958724,-2.814599,-2.198512,-2.382356,-2.96125,-6.144105,-4.063008,-5.078947,-5.01362,-4.623996,-4.416967,-6.96391
"HBB",1.981854,1.553459,4.004622,2.107481,1.043636,2.29734,2.661605,0.5913895,2.628751,1.556729,2.596153,2.092108,2.317538,0.7626455,2.107429
"HBA1",1.759082,0.7015805,3.512091,1.704352,1.126054,1.626343,2.416142,0.05638254,2.398061,1.431284,2.420048,1.721739,1.948976,0.02155066,1.892085
"GPLD1",1.104064,0.4894851,0.88964,0.5120363,0.056813,0.9124668,0.1733284,0.2543608,-0.3583272,0.3952822,1.378232,0.445002,1.790899,1.470908,0.4646405
"LV321.1",-2.646419,-0.1543218,-0.9936154,-2.239125,0.1538926,-1.075016,-0.594629,-1.525039,-0.7880563,-1.394218,2.278078,0.04728349,-0.2330772,-0.09792623,-0.9967076
"CFHR1",-1.490694,-2.651096,-3.55454,-2.110598,-3.984263,1.393391,-3.261141,-1.642924,-3.193183,-3.590586,-1.899739,-4.274701,-2.98977,-1.522756,-1.191324
"KRT17",-8.383433,-1.809027,-1.774266,-8.12026,-1.513816,0.8253276,-2.963493,0.09718657,-8.0073,-3.060458,-5.320025,-8.491863,-4.042328,-6.000605,-3.478396
"HGFAC",-2.372985,-0.7006986,-0.5772889,-1.593881,-2.042584,-1.095444,-0.7248235,-0.7799329,-1.634461,-2.110362,-0.3596556,-1.851484,-2.107825,-0.8264245,-0.371039
"ITIH3",0.5516955,1.503564,0.79807,0.4837226,-0.3364928,-0.6718542,0.8806658,0.8622338,0.3412811,0.6140509,0.5456305,0.1860923,0.6462435,0.5283659,-0.8244618
"LGALS3BP",-1.053789,-1.646474,-2.473519,-1.610346,-0.9026867,-4.848351,-1.824411,-2.07682,-1.371974,-2.081981,-1.272954,-1.147964,-3.090956,-2.374704,-2.274733
"EFEMP1",-4.022969,-5.470175,1.985833,-5.485945,2.422028,-3.641217,-4.507789,1.015385,1.873127,-3.305831,1.395236,-4.675401,0.1728243,1.642454,1.945472
"MMRN1",-3.602939,-5.576365,-3.326557,-3.10209,-3.518946,-5.601658,-2.709849,-4.841318,-2.472801,-3.516877,-2.689495,-3.354313,-1.901328,-5.068165,-3.036865
"ILK",-3.460893,-3.684932,-5.886265,-3.433994,-3.058843,-3.451884,-3.223912,-4.597837,-3.24004,-3.512066,-3.60202,-3.47878,-2.991513,-3.3232,-3.171895
"APOF",-1.006073,0.3795532,-0.8970829,-0.5690111,-0.6905142,0.09473264,-1.296959,-0.7167294,-0.9130855,-1.327617,-2.389165,-1.314592,0.9842317,-0.3301632,-1.09493
"DYNC1H1",-1.199337,-0.1253822,-5.585223,-2.20641,-0.990551,0.5129995,-1.887043,0.8645782,-2.078893,-1.63002,-3.288918,-1.818185,-2.867159,0.9031522,-1.317894
"MYBPC2",-4.601356,-4.817805,-4.3297,-5.790068,-3.867476,-6.407607,-4.250277,-4.848045,-4.116711,-4.937209,-5.76652,-5.784237,-4.500821,-3.464226,-4.785934
"HABP2",-0.05416316,-0.2741137,-2.998184,-0.2332445,0.1626356,0.5992604,-0.4391851,-0.6988133,0.3700249,-0.5369421,-2.460637,-0.2172158,-2.149344,-0.08241034,-0.2616265
"ITIH4",3.800661,4.186602,3.973948,3.409688,3.768464,2.860263,4.078666,3.864748,3.879684,3.551789,3.361703,3.166717,3.30899,3.671106,4.117842
"ARHGAP19",-4.21257,-4.190452,-4.885517,-4.655097,-3.823034,-5.972283,-6.472853,-4.403841,-4.191184,-4.697652,-4.975688,-4.217743,-4.439557,-6.114343,-4.621837
"PCOLCE",-4.657475,-5.448035,-4.615476,-6.301254,-5.822533,-6.140591,-4.326471,-7.286695,-5.944371,-4.636983,-6.84822,-5.544924,-5.478364,-5.728356,-5.178989
"PON3",-0.6706808,-0.2691953,-0.5592328,-1.71272,-0.7163295,-1.105429,-1.387668,-1.032961,-0.9471153,-0.9522316,-0.7326846,-0.9928906,-0.7542115,-1.08863,-0.5801218
"FCN2",-3.593899,-5.554693,-0.01585245,-1.257644,-0.6985666,-1.953403,-5.104423,-3.537237,-0.7179532,-1.003383,-0.906473,-0.8222389,-1.314728,-1.435508,-0.1699193
"TGFBI",-1.960704,-2.281714,-2.239109,-3.027676,-2.850519,-1.909622,-1.770632,-1.417437,-2.500639,-2.158716,-0.5809071,-1.843076,-1.560669,-1.210871,-2.005155
"ADIPOQ",-2.662283,-0.2622418,-4.202096,-3.922152,-1.964145,-4.217056,-3.429595,-2.928045,-1.091107,-1.400679,-3.627659,-2.937483,-3.65592,-4.452844,-2.741016
"ECM1",0.7876789,1.450379,1.428763,0.7060708,0.6303669,1.173987,0.410437,0.1672803,0.9834766,0.4611164,0.6457326,0.4393873,1.309744,0.5009475,0.8790862
"ACTBL2",-7.055504,-2.176413,-2.523065,-1.532804,-2.802552,-1.637381,-2.144379,-2.440146,-4.024723,-3.479336,-3.448178,-6.533244,-3.585381,-3.962472,-4.923282
"FRMPD1",-5.36721,-4.536385,-5.24164,-4.493386,-3.811827,-5.266878,-5.134964,-4.504569,-4.418415,-5.814829,-2.508111,-4.810061,-5.828817,-4.782836,-5.091692
"VASN",-2.308449,-1.522655,-2.030199,-1.919958,-1.851392,-2.876088,-3.838213,-2.32832,-1.800822,-1.818829,-2.743823,-2.320619,-2.260579,-2.226691,-1.841906
"PI16",-3.211961,-1.890426,-3.383288,-7.779925,-4.314464,-6.042798,-4.934952,-6.271526,-2.736175,-3.133516,-5.16411,-4.801843,-6.202993,-4.423398,-5.549342
"NPHP3",-3.172444,-5.155161,-3.803842,-4.807278,-3.796825,-6.222404,-3.740463,-3.028788,-3.886565,-4.177695,-2.322754,-4.209458,-3.798382,-4.245802,-4.527328
"SLFN11",-4.570538,-5.063657,-0.4947801,-1.523019,-2.15342,-4.455914,-1.362919,-2.648559,-1.890971,-1.580629,-3.344393,-1.36662,-2.596629,-2.315071,-1.59388
"FERMT3",-4.495371,-4.211797,-2.615409,-3.500642,-5.021628,-3.844715,-3.851093,-5.274261,-4.745495,-3.213442,-3.533282,-4.352653,-5.123545,-5.281873,-5.025641
"PSTK",-5.681386,-4.731762,-5.677094,-6.666156,-4.503154,-5.278872,-4.499945,-6.780831,-6.184573,-6.655662,-5.981411,-5.672009,-4.099562,-5.488803,-4.516285
"GPR116",-1.41894,-1.181496,-0.31354,-1.32695,-1.542667,-2.024497,-1.352121,-1.560146,-1.449442,-1.562623,-1.684812,-1.250578,-2.921228,-1.872933,-1.319305
"ABCF1",-2.926079,-0.6951174,-2.214344,-2.244173,-0.2614572,-1.257756,-1.314783,-1.305701,-1.266927,-1.237007,-3.407812,-1.251119,-3.191785,-0.8996964,-3.05911
"TTN",-1.524287,0.02843475,-0.8584726,-4.207414,-4.507052,-5.877451,-1.734789,-2.642869,-1.419929,-1.127887,-3.141699,-2.342581,-2.325486,-2.744584,-7.678559
"CTTNBP2",-4.830013,-2.831469,-7.31868,-5.190165,-5.941188,-5.994461,-5.967599,-4.750324,-5.902999,-4.094845,-4.97608,-3.532371,-4.362581,-6.528439,-5.224355
"CFHR4",-4.051795,-4.106541,-2.460188,-3.617791,-3.2096,-0.340018,-2.940386,-1.999422,-4.899219,-4.820058,-4.077049,-4.883554,-5.800074,-2.102547,-2.877178
"FAM3C",-5.963983,-5.558463,-7.056147,-5.788592,-5.358276,-5.793391,-3.637818,-5.517778,-4.287179,-5.503985,-5.12485,-5.393326,-3.877325,-4.156535,-5.826094
"NUP205",-1.495595,-0.9914155,-4.078966,-1.730852,-1.235522,-4.577316,-1.797873,-1.472963,-1.336888,-1.426533,-2.342799,-0.5158391,-2.990768,-1.725299,-1.109969
"RYR2",-1.66871,-3.466621,-2.784349,-1.467077,-2.180897,-3.428593,-1.3474,-2.431422,-1.971877,-1.561057,-2.260405,-1.380331,-4.779729,-2.133938,-1.590826
"PRG4",-2.800207,-2.792168,-3.954221,-2.034153,-2.103995,-1.035207,-1.643262,-2.901228,-1.827506,-2.166708,-0.9006319,-1.269656,-4.649504,-1.943485,-1.996701
"PRG4.1",-3.064337,-0.7608578,1.78238,-2.776987,-2.434562,2.601065,-1.889277,-3.853279,-2.004485,-2.797817,-3.022513,-1.574898,-5.048595,-2.175862,-2.358452
"CPB2",0.1723878,0.3493892,0.3303345,-0.04237069,-0.04864858,0.3869855,0.3492911,0.4920429,0.3258736,0.1038672,0.2387516,0.4263835,-0.04043116,0.3595275,0.430959
"CNDP1",-0.2178561,-0.07148236,-2.107463,0.7118828,0.1633932,-1.802632,-1.321103,-2.502319,-2.207308,-0.07900202,-1.144945,-1.246868,-2.561924,-0.4527863,-0.7402155
"SCLT1",-4.54034,-5.787495,-6.50081,-6.679109,-6.406404,-3.247115,-6.345025,-1.105699,-7.004107,-4.140175,-5.636672,-4.529596,-7.023989,-1.32438,-5.415526
"PGLYRP2",1.264418,1.865931,2.385296,1.283803,0.9674982,2.565736,1.568955,2.516468,1.599789,1.149414,1.626099,1.528992,1.907285,2.255766,1.747273
"CDK5RAP2",-5.526908,-5.430521,-5.181096,-5.603153,-7.129655,-6.463025,-7.01181,-6.261357,-4.273623,-4.479115,-4.645857,-5.259481,-5.377481,-5.728131,-5.03381
"OLFM1",-4.248809,-4.739822,-4.433662,-4.327943,-4.464902,-5.288455,-3.716133,-5.228387,-4.110551,-4.02444,-3.945779,-4.624767,-3.874631,-3.608885,-4.477062
"SH3GL3",-2.439697,-3.238159,-3.442956,-2.386686,-1.42795,-2.584805,-0.6302238,-1.170916,-1.993611,-0.9108709,-2.875152,-1.253333,-1.856491,-1.722844,-2.558527
"COLEC11",-2.364856,-3.496346,-3.950083,-3.132037,-4.40461,-5.809011,-6.235826,-6.045736,-3.275206,-2.846093,-4.438149,-3.546245,-6.148818,-4.054452,-2.433503
"CFHR5",-2.937619,-2.824089,-2.189809,-3.608456,-3.136621,-3.775225,-1.824167,-4.682794,-3.230451,-1.972867,-2.756216,-3.013946,-2.570876,-3.057845,-3.261981
"CDHR5",0.03501317,-1.127764,0.4997069,-0.3244598,-0.7145088,0.03240828,-0.000281811,-0.6594418,-0.2521109,-0.2447262,0.5076382,-0.5647129,0.268214,-1.064995,-0.484761
"IL1RAP",-5.069284,-3.637151,-2.873829,-4.951017,-3.515143,-4.938853,-5.693874,-4.573996,-4.924073,-3.225458,-3.75254,-5.377187,-6.01832,-5.395203,-5.128816
"IL1RAP.1",-4.992955,-3.551276,-2.762032,-4.855432,-3.422758,-5.114065,-6.045046,-4.594865,-4.832789,-3.14994,-4.829311,-5.284779,-4.72152,-7.365259,-5.034763
"INPP5E",-3.541275,-2.348767,-5.143332,-3.728255,-3.519722,-6.527658,-4.205157,-4.51086,-5.464901,-5.589091,-4.318327,-3.517648,-3.938462,-4.059256,-3.558026
"C1RL",-1.452613,-1.769985,-1.724294,-1.993789,-1.710723,-0.4908248,-2.383347,-1.046733,-1.853702,-1.895861,-4.618798,-2.017717,-3.003483,-1.009635,-1.888447
"FETUB",1.092636,-0.6503398,-0.03452465,-1.034953,0.05551961,0.02999503,-0.7066363,0.1933494,-0.1247906,0.2731921,-0.1313907,0.1618919,-0.3023365,0.5964018,-0.3121054
"PCYOX1",-2.74991,-1.345048,-4.628498,-3.280002,-2.087216,-4.049194,-3.49867,-3.987802,-1.422668,-2.644285,-3.029249,-2.67512,-3.936521,-4.366509,-2.104067
"SERPINA10",-1.513171,-1.361664,-1.874938,-6.381515,-2.251426,-0.7440933,-1.519341,-1.537638,-3.165636,-1.903312,0.1965253,-2.044634,-1.120553,-1.36941,-2.056114
"MAN2B2",-0.1757576,-5.995135,-1.292797,-1.777649,-1.896336,-5.791402,-1.73213,-3.736268,-1.572558,-1.637202,-2.528082,-1.487436,-1.68347,-3.921435,-0.8578889
"ATP11B",-1.924393,-1.568623,-0.7503188,-1.650427,-2.05463,-0.9655293,-1.414989,-1.886927,-1.7392,-1.74502,-1.706804,-1.963253,-1.249426,-1.514925,-1.805953
"TLN1",-3.803997,-4.099164,-3.419764,-0.9654956,-5.115952,-2.870012,-1.145983,-2.939672,-5.055255,-7.196517,-1.76766,-5.642778,-0.6905158,-2.570868,-5.508436
"AFG3L2",-5.14817,-5.155431,-4.053195,-4.358788,-5.899945,-5.492593,-4.48564,-5.029113,-4.77185,-5.993292,-4.209902,-4.454758,-4.132982,-5.734713,-4.779075
"LYVE1",-2.302898,-5.270787,-3.784256,-3.625816,-1.940444,-5.416851,-4.035631,-3.894849,-2.037374,-2.914374,-2.630274,-3.249506,-3.908426,-4.608095,-4.420393
"FCGBP",-1.994738,-2.438722,-0.3577136,-1.39749,-2.28476,-1.112395,-1.725621,-1.759479,-1.312099,-1.184486,-0.7102475,-1.413373,-2.019091,-1.723366,-0.09175634
"ZNF10",-3.401557,-3.20397,-4.961849,-2.159161,-5.208568,-4.230118,-5.566222,-4.772311,-4.171085,-6.216095,-3.169964,-4.805928,-4.977683,-6.600224,-4.313941
"FAM161B",-3.42466,-2.568455,-2.988968,-5.656998,-4.365336,-5.297114,-5.141245,-5.433672,-4.061933,-5.472523,-4.207294,-4.993867,-4.711328,-7.239866,-3.971747
"",NA,NA,NA,NA,NA,NA,NA,NA,NA,NA,NA,NA,NA,NA,NA
