"SampleID","ZO9UWDL","ZN9TKCJ","ZYLJ7R7","ZY1ZKJY","ZXSDNAK","ZUHT69X","ZTXY83G","ZTXWLP3","ZTUO1AO","ZTTL3YH","ZS78KHV","ZRLZ98T","ZRA5YD8","ZLPZS0H","ZK01UI6"
"IGLL5",2.106123,-0.1178687,2.460493,-1.266045,0.8526084,3.116385,2.838937,3.474246,2.312784,2.027925,2.671192,2.873173,5.538281,3.19192,2.501503
"MASP2",-4.86404,-5.449145,-3.213875,-6.170074,-5.274035,-6.571165,-3.296229,-3.85365,-2.989617,-2.605916,-3.993319,-2.426415,-3.295949,-3.920928,-3.849671
"APOL1",1.609188,1.883933,1.952032,1.870945,2.254308,2.534201,2.310943,2.131839,2.802279,2.41446,1.648098,1.548319,1.937049,2.229871,2.265335
"CEP290",-4.456313,-4.153729,-6.580078,-4.602556,-4.290545,-3.691408,-6.726448,-1.066003,-3.37313,-3.763137,-5.809337,-5.92401,-4.627591,-4.792542,-3.415402
"CD5L",-1.210455,0.3699698,1.443096,-0.4729839,-0.5180113,-0.272747,-2.10989,-1.740242,-1.330604,-1.268376,-0.7069975,-0.6951526,-0.7185391,-0.3652608,-1.508603
"FCN3",1.359917,1.157082,0.6222063,-1.391786,-0.9096327,-0.5010409,0.8942522,0.4830267,-0.1114512,0.5489763,0.5280589,0.4640203,0.1275324,0.3528155,0.7507554
"ATRN",-0.7102227,-1.575862,-1.095176,-2.335177,-1.230291,-1.610868,-1.28493,-1.318609,-1.381881,-1.451048,-2.196047,-1.62249,-1.514686,-1.226963,-1.286127
"ATRN.1",-1.64017,-1.849989,-1.538254,-2.716195,-1.340892,-2.594834,-1.631482,-1.96153,-2.276446,-2.063414,-2.510081,-2.062155,-1.5011,-1.879683,-1.881477
"APOM",2.331928,2.263513,1.54777,2.400571,2.624354,2.004176,2.032021,2.498947,2.065125,2.232698,2.523674,2.38486,2.40628,1.828959,1.834048
"CP",4.983588,6.11838,5.369892,6.031056,6.257414,5.685477,5.891125,5.46313,6.875848,5.679604,6.042838,5.65167,6.101419,5.31424,5.387031
"F13A1",-1.395058,0.8559178,-0.563237,1.227012,-1.351064,-0.771291,-0.01216191,-0.6554399,-0.8116173,0.2405004,-0.1397021,1.293048,0.4732199,-0.4872183,-0.2117218
"F2",4.723259,5.352387,4.58919,5.371543,5.285687,4.468923,4.557397,4.719969,4.850421,4.881338,4.915228,4.950042,5.117528,4.466712,4.533612
"C1R",2.376224,2.460341,1.892788,2.741542,2.608039,1.959891,1.900617,1.630696,2.080626,2.071995,1.898189,1.691526,2.858814,1.681337,2.289444
"HP",7.160201,6.911551,5.918024,7.48417,7.005969,7.521183,7.733409,6.682961,7.135737,8.101018,6.617501,6.902069,6.068647,6.764575,6.766999
"HPR",0.7697398,1.684184,0.8660519,2.911143,1.981924,2.399014,1.009343,0.9587432,1.214155,1.670274,1.549719,1.101909,1.185903,1.216623,1.379058
"F9",0.9903119,-2.915714,-0.7515404,-4.353362,-3.011876,-2.295091,-0.7819726,-1.462913,-1.228113,-0.8680879,-0.6336987,-1.529935,0.3368869,-1.15208,-1.384724
"F10",0.7424552,1.042533,0.7107784,0.9239907,1.04099,0.4103284,0.0523957,-0.1815384,0.5626802,0.3697882,-0.4333423,-0.06964964,0.1727359,0.2465146,-0.1642633
"CFD",-4.344052,-4.354198,-6.603412,-2.758498,-3.573953,-6.037529,-4.46171,-2.638762,-3.945713,-4.137732,-2.834148,-5.450104,-3.498249,-1.972252,-3.485669
"PLG",4.648112,5.182888,4.457613,5.304529,5.319164,4.704239,4.611231,4.624438,4.792861,4.870497,4.958897,4.95785,5.204487,4.380156,4.684549
"F12",2.579617,1.805912,1.322489,2.762553,0.4742148,1.431388,2.002584,-0.3135668,1.5675,0.3421485,2.194726,2.402094,1.314328,0.4455602,1.731316
"CFB",4.141079,5.336602,4.632756,5.300136,5.120144,4.591289,5.009373,4.207521,5.068013,5.135234,4.90957,4.882136,5.359523,4.645118,4.505151
"CA1",-2.594501,-2.779602,-2.153659,-2.630689,-4.387033,-2.545714,-1.343451,-2.908167,-5.35246,-2.891945,-1.510965,0.009087563,-2.683145,-1.804155,-2.352908
"ASS1",-2.559022,-1.678424,-5.699645,-2.824759,-0.6269994,-5.298557,-4.419807,-4.278032,-5.324762,-4.315809,-1.637002,-1.000841,-3.219172,-4.464945,-5.06442
"SERPINC1",4.581288,5.30093,4.8873,5.074488,5.302843,4.770288,5.162691,4.986731,4.831997,4.844585,4.956462,4.818471,5.037848,4.53269,5.012977
"SERPINA1",7.842161,8.413919,7.359787,8.46991,8.556204,7.350014,8.070472,7.118582,8.342935,7.716568,7.517289,7.521841,8.073232,7.270035,7.330874
"SERPINA3",5.058685,4.796933,4.378985,5.393914,5.114554,4.871255,5.738406,5.081662,5.025659,5.256056,5.311027,4.72232,4.727055,4.519305,4.87365
"AGT",2.668426,3.428959,3.055148,4.139373,3.885784,3.183908,3.266071,3.217274,5.361248,3.685058,3.12429,3.770245,3.300097,2.816338,3.82585
"A2M",7.746465,8.622086,8.421345,8.139663,8.029286,8.226535,7.645243,7.574399,7.885978,7.451174,7.680668,8.543824,8.483689,7.855041,7.572549
"C3",7.986448,8.839509,8.067362,8.970229,9.154288,8.601689,8.810078,8.158834,8.556733,8.681281,8.316318,8.286983,8.610868,8.261267,8.222307
"C5",3.465234,4.019554,3.245278,3.651967,3.198439,3.5871,3.834178,3.473115,3.706796,3.873795,3.677188,3.247329,3.457534,3.244376,3.32798
"CST3",-4.90315,-1.492275,-3.086709,-0.8833723,-2.498254,-3.482672,-2.470129,-2.706721,-3.027936,-2.239777,-1.684545,-2.705401,-5.748096,-2.72716,-2.29577
"KNG1",2.627128,3.909178,3.113936,3.371995,2.550521,3.276624,3.146845,2.906347,3.754371,2.991196,3.158118,3.231194,2.17529,2.749531,3.180368
"KNG1_2",-4.040771,-4.683222,-4.289518,-4.171539,-3.245798,-4.517886,-3.996203,-4.657711,-3.984071,-4.51944,-5.316214,-6.276655,-4.777477,-4.885496,-4.412827
"IGF2",-3.25236,-3.936574,-2.748748,-2.902259,-3.222696,-3.541739,-3.761541,-3.224954,-3.027949,-3.124752,-2.862568,-3.251607,-3.054364,-3.368701,-3.039473
"IGJ",3.105143,3.91644,4.269989,3.585074,3.813485,3.387325,2.364739,2.142849,1.774751,2.779932,2.03651,3.348883,3.547794,3.839621,1.922403
"KVD33",-2.027766,-2.247672,-5.176497,-2.020573,-1.596171,-2.20851,-2.616971,-2.24824,-3.065729,-3.186417,-2.479219,-4.286645,-3.34323,-1.041524,-2.659696
"KV133",-2.266151,-3.91223,-2.260698,-5.445715,-4.326536,-3.024832,-3.300585,-3.098478,-3.336723,-2.689224,-3.221373,-2.440289,-2.327535,-3.021974,-3.249001
"KVD16",-1.796175,-3.190278,-1.079595,-3.150601,-1.908348,-1.273595,-1.318869,-1.968088,-2.21093,-2.260478,-0.9334474,-1.338991,-1.403171,-1.222278,-1.476811
"KVD33_2",-2.429074,-1.924661,-1.961023,-2.509523,-2.132781,-1.988589,-2.40897,-1.797195,-2.304801,-2.562263,-0.4385488,-2.299722,-1.142012,-1.175857,-2.494316
"KVD33_3",-5.262748,-4.464627,-2.21491,-5.808963,-3.110436,-2.8084,-3.801472,-3.198126,-3.704483,-3.358673,-3.87793,-3.285085,-4.631205,-2.952076,-2.985291
"KV139",-3.300231,-3.693056,-3.789348,-5.519413,-4.165572,-4.433175,-4.047796,-4.327166,-4.940291,-3.976013,-4.78364,-3.553535,-5.121022,-2.16492,-4.698192
"KVD33_4",0.2303866,-1.207108,-0.1875088,0.02191508,-0.1279842,-0.1226509,-0.3705552,-0.002972722,-0.7780286,-0.4923642,-1.807139,-2.71456,-2.943666,0.8486861,-0.5146745
"KVD28",-4.252756,-4.63255,-4.623652,-4.311829,-5.787331,-5.308536,-3.338822,-4.769704,-4.97353,-4.119375,-4.018386,-4.391438,-4.604486,-4.047793,-4.209037
"KV320",-3.635706,-5.479552,-4.740297,-4.415367,-3.007458,-3.165308,-3.128422,-3.133901,-3.904316,-3.500222,-2.517939,-3.527853,-4.532941,-3.273695,-3.548522
"KV320_2",0.4623304,1.221572,0.8978652,0.9242007,1.120022,1.554327,0.705703,1.123543,0.9736975,0.6620971,1.791879,0.5774139,0.7969763,2.26393,0.6727403
"LV144",-0.67064,-0.2839032,-1.651941,-1.746822,-1.735306,-1.067853,-1.618482,-1.783488,-1.721874,-1.885164,-1.087005,-3.145299,-1.733001,-1.180784,-1.635563
"LV147",-0.07980251,0.460228,-0.3835175,0.105019,0.4151937,0.0136489,-0.8716989,0.3973007,-0.3221976,-0.6838695,0.5520288,-0.6300049,-0.1556426,0.1288176,-0.7831262
"LV140",-3.429576,-2.8879,-6.396163,-3.245543,-2.97361,-3.190231,-3.223326,-3.060419,-3.342979,-3.304472,-3.239501,-3.841065,-3.423248,-3.461992,-3.335641
"LV211",-5.498493,-5.837701,-3.959204,-5.535863,-5.862042,-4.414242,-6.799833,-5.200798,-2.78663,-5.251432,-3.931789,-6.769734,-2.834913,-2.247535,-2.696793
"LV319",1.357435,1.966001,1.390512,0.6122509,1.323104,1.245353,-0.2554396,0.8362701,0.4499783,0.9006625,0.9216875,1.262605,1.407045,0.7388694,0.9257045
"LV325",2.514128,2.361146,1.949565,2.538387,3.189333,1.819182,1.07343,2.254504,1.972263,1.07704,2.384832,2.366531,2.95374,2.488034,1.945218
"LV321",-6.328555,-2.990283,-3.428655,-0.3906376,-2.579987,-0.3330853,-0.3768882,-3.414219,-1.241096,-0.1392109,-0.3555557,-4.51291,-4.000173,-0.4450023,-1.515128
"HV169",-3.662802,-3.022836,-4.294038,-6.559764,-3.046386,-2.185143,-3.537072,-1.610676,-4.679882,-1.171359,-3.567265,-5.733894,-4.030498,-2.058872,-3.540155
"HV146",-3.553994,-3.398221,-2.298114,-2.831813,-3.250465,-2.859066,-3.38782,-2.88683,-3.102864,-2.73654,-4.94075,-3.663325,-4.03045,-2.36326,-2.439282
"HV348",-0.8943375,-2.055253,-1.321144,-3.069083,-1.539212,-1.883044,-2.270351,-1.353173,-1.799949,-2.033433,-0.5708009,-1.217123,-2.042116,-0.3289264,-1.677826
"HV323",-1.545424,-1.54356,-0.7061219,-1.27088,-1.010615,0.1180697,-0.3001734,-0.2440113,-0.2601758,-0.6852641,-0.6634936,-1.308499,0.3850775,1.157205,0.190181
"HV313",0.08446985,-0.5471486,-0.7152757,-0.280253,-0.7538727,-0.2175053,-1.052943,-0.05139148,-1.018101,-1.017963,0.1018291,-0.9544701,0.4590527,0.943628,-1.527829
"HV353",-1.64413,0.3834361,-0.6035068,-3.181495,-4.12322,-1.405524,-2.322724,-2.809011,-2.515663,-2.447577,-1.068633,-1.125859,-2.814007,-0.8475109,-1.60382
"HV330",-1.95868,-6.348594,-2.406396,-3.354434,-2.92474,-1.697637,-2.90552,-2.656301,-3.141794,-4.271785,-2.763664,-4.067519,-3.04385,-2.60561,-3.186192
"HV333",-1.789063,-3.937145,-2.869358,-6.453441,-3.668408,-2.574641,-3.602242,-3.895585,-2.639454,-4.393815,-4.03399,-7.680776,-5.896581,-1.412507,-3.003645
"HV333_2",-1.12723,-1.589267,-0.7432669,-1.931159,-1.449006,-1.335694,-2.734523,-1.418876,-1.718423,-2.62109,-6.716821,-1.591851,-2.082402,-1.49135,-1.848674
"HV330_2",-2.491591,-3.937047,-2.488333,-3.371111,-3.276414,-3.326971,-3.77861,-2.424262,-3.394509,-4.341197,-3.677391,-2.896671,-3.849942,-1.885753,-3.215817
"HV307",0.4616269,0.04534018,-0.6270194,0.1328983,0.5077202,-0.376624,-0.819013,-0.5832951,-0.5977545,-1.010298,-0.131493,-0.7088966,0.2811792,0.05811304,-0.08825594
"HV307_2",3.034008,2.382568,2.868648,2.343022,2.337836,2.961891,1.823851,2.00979,2.608304,1.639598,2.37039,2.297581,3.684652,3.077447,1.847657
"HV439",-2.930648,-1.645404,-0.8894942,-3.034615,-2.333238,-1.49323,-2.164367,-2.59401,-1.833174,-1.519156,-2.007631,-2.372424,-2.305951,-1.475382,-1.980513
"PIGR",-3.85639,-4.601915,-2.503542,-3.424073,-3.021534,-3.725691,-5.844058,-7.363524,-2.419376,-4.625077,-4.63488,-2.605522,-3.229894,-2.427308,-3.070963
"IGKC",5.729742,6.299652,6.126309,6.305015,6.053707,6.530988,6.269283,6.493786,5.788734,5.450978,6.359106,6.197612,6.427761,6.774304,5.806714
"IGHG1",5.543369,6.494346,5.951059,6.620038,6.647357,6.127546,5.642794,6.292147,5.998728,5.905117,6.378684,6.423883,6.661781,6.549886,6.078877
"IGHG2",6.419238,5.55886,5.210917,5.981106,6.898113,4.596953,4.867944,4.919609,4.775339,3.966303,5.621607,5.321645,6.663296,5.877504,5.089371
"IGHG3",-2.044116,0.5241249,-0.3623794,-1.303977,-1.221406,1.321536,-1.003025,-1.104614,-0.8815492,-0.8114753,-0.6705264,0.3925558,-1.487065,0.153606,0.3260911
"IGHG4",0.3211977,-0.3265402,2.723804,0.6265551,2.011844,0.003710508,1.383725,3.45878,-0.9865357,2.164734,4.369972,-0.4422501,1.559598,2.910901,3.076364
"IGHM",4.446193,5.275223,5.801462,4.920803,4.621887,6.008937,3.340403,4.170816,4.212698,4.460496,4.354914,4.900617,5.187873,5.829594,3.828484
"IGHA1",7.462471,6.863295,5.801098,7.677851,6.888412,7.189339,5.65032,5.446885,6.002643,5.487153,3.192998,5.766786,6.012675,6.081728,5.621672
"IGHA2",1.774516,3.121171,-2.247818,1.967065,2.641439,0.746918,1.127603,1.920656,0.5710073,-0.2138084,0.11076,1.813677,0.8248229,2.760854,-4.461346
"IGHD",-1.04016,-4.466736,-1.285307,2.885775,1.398101,0.6928892,-0.2349432,0.08042312,1.404789,-6.947367,-0.3597515,1.508117,0.0314002,1.152763,-0.3743253
"HBD",-1.497283,-2.731653,-2.144405,-2.215849,-3.066378,-2.841783,-1.744729,-2.428504,-3.677164,-2.717963,-2.451421,-1.238645,-2.345905,-2.179886,-2.391115
"APOA1",5.364437,8.14746,8.072486,8.13133,7.291466,8.441641,8.725033,8.518112,8.478733,8.047207,8.273199,9.126186,8.975455,8.268868,8.48083
"APOE",4.11511,4.675239,4.52639,5.211118,4.550927,4.145456,4.777707,3.625582,4.097046,5.637704,4.334756,4.241464,5.463587,3.805423,3.85162
"APOA2",2.97752,5.434777,3.495389,4.89333,3.580671,4.432559,4.317911,4.029078,3.986895,3.826801,3.588345,4.976637,4.413454,3.714598,4.147777
"APOC1",1.781831,0.6511269,1.166718,-0.5830158,2.594562,1.923917,0.8260979,0.6007121,0.453212,1.335524,0.07448423,1.784869,0.3603828,0.8603438,0.3131545
"APOC2",-0.08891201,3.794063,1.482546,2.821298,3.397764,2.008767,2.758314,2.098151,1.545464,2.828496,1.535859,2.659003,2.758518,1.726753,1.12486
"APOC3",3.753014,5.666656,3.614856,5.315253,5.91662,5.222408,4.95505,4.589327,4.871614,4.910036,4.453169,5.787885,4.483629,4.562275,3.992867
"FGA",8.956443,8.357357,8.881935,10.20017,9.746259,8.222455,9.378905,8.580547,8.740865,9.690954,9.46937,9.498213,9.144628,8.21452,8.584422
"FGB",8.664751,8.243911,8.826553,9.939159,9.327156,8.220468,9.033994,8.316524,8.718899,9.49407,9.172439,9.006484,8.966871,8.04151,8.537779
"FGG",8.11286,7.60673,7.814527,9.207217,8.600469,7.463286,8.037304,7.221948,7.650845,8.352241,8.103155,8.054365,8.080291,6.825453,7.425257
"APCS",-1.779274,-3.69886,0.4829571,-0.3309323,0.1958678,-1.982304,-1.11261,-2.11746,-1.630237,-1.16679,-2.917928,-1.057453,-1.996345,-2.13209,-2.106628
"C1QA",1.716429,2.49433,1.819042,2.185059,2.451154,2.012277,1.984012,1.720433,1.503901,1.636176,2.362862,2.052313,2.895977,1.905581,2.371153
"C1QB",0.2147217,1.787059,0.8929871,0.5534244,0.9650515,0.5169173,0.4512415,0.1258985,0.4850568,0.5406214,0.4655144,0.3232809,0.1620052,0.4855236,0.8918758
"C1QC",2.276752,2.64936,2.007275,1.693695,2.368145,1.467761,1.672762,1.076938,1.257833,1.4524,1.583577,1.235872,2.366549,1.427137,1.780413
"C9",2.255628,2.308635,1.407288,2.516067,2.443645,2.13965,2.870869,1.858839,2.492201,2.736174,2.657612,1.451989,2.411541,1.676534,1.771045
"APOH",4.457609,3.794007,3.930432,3.197985,3.810543,3.660965,3.494936,3.346426,3.711601,3.503946,3.492892,2.849425,3.17647,3.415909,3.787711
"LRG1",2.369164,3.164761,2.819626,5.011136,3.033422,2.590789,3.73759,2.805392,3.322453,3.318461,3.86019,3.249752,3.619192,2.102382,2.762189
"FN1",6.205749,3.530336,6.153071,8.307764,6.168561,6.083275,5.804156,5.367063,5.715362,7.094716,6.503525,6.746345,6.251442,5.260748,7.357141
"RBP4",0.5144248,2.380646,1.685673,1.969039,1.43333,1.67012,1.975537,1.849486,1.77143,1.714379,1.234253,1.534369,1.601715,1.34268,2.034687
"AMBP",3.216874,3.54608,2.829534,3.821432,3.643089,3.123035,3.404964,3.199236,3.019065,3.09648,3.123286,3.27428,2.754082,3.007908,3.273059
"ORM1",4.849923,6.961838,5.259105,6.695592,6.407894,6.213859,6.92936,6.150736,6.18898,6.911118,6.412542,6.269885,5.510734,5.667744,5.772478
"AHSG",4.605133,4.8929,4.997796,4.763235,5.269785,4.083961,4.689451,4.444025,5.143353,4.737705,5.121786,4.993389,4.737076,4.915376,4.620049
"TTR",2.454394,-1.662431,-0.2240539,-0.5502598,-0.5312697,-1.137173,0.4917981,0.3907996,-0.9361703,-0.2546583,1.094478,0.5318508,0.2320565,-0.3068004,0.1578359
"ALB",10.94705,11.17229,11.28672,10.84919,10.00958,11.69129,11.42772,11.67889,11.49912,11.2664,10.78793,11.61614,11.64478,11.16856,11.86236
"GC",5.48378,6.179795,6.260319,6.384588,5.232496,5.579387,5.55526,5.658693,6.201817,5.384101,5.946152,5.96324,6.038435,4.937575,5.823358
"PPBP",-0.9953423,-1.367389,-2.687393,1.442787,-0.01214242,-1.459669,-2.637812,-1.438481,-1.063369,-0.7975134,-1.658873,-0.2623358,-1.569502,-1.921724,-1.629344
"PF4",-2.67361,-3.132553,-4.316463,0.03201318,-2.238897,-2.227386,-3.767668,-2.207099,-1.572811,-1.651153,-3.110331,-1.084926,-2.177941,-3.045628,-2.160434
"TFRC",-1.678207,-1.723882,-1.37538,-1.84282,-2.544636,-2.634285,-1.903361,-2.913311,-2.498345,-2.112542,0.1456678,-2.537625,-2.035358,-2.201385,-1.950467
"TF",9.20422,9.633551,9.076741,9.494819,9.065746,9.260919,9.117405,9.197748,9.287599,8.958308,9.211473,9.360478,9.58311,9.24645,9.368506
"HPX",5.889423,7.133563,6.279009,6.872568,6.181411,6.487503,6.787405,6.255548,6.645018,6.101193,6.247595,6.418159,6.322618,6.065927,6.644965
"F11",-0.7712909,-0.9108418,-1.509794,-0.5978954,-1.332586,-1.529553,-1.795272,-1.719828,-1.609802,-1.409735,-2.935601,-1.608405,-2.548193,-1.803971,-1.608337
"KLKB1",2.537915,2.457961,2.426293,2.838483,2.707923,2.179291,2.24658,2.141377,2.210129,1.744313,1.823577,2.283895,2.76381,1.757703,2.251454
"C4BPA",0.6181371,4.044477,3.171368,4.370269,3.067328,2.911409,3.689844,3.219035,2.964205,3.600416,3.136568,3.742514,2.974299,2.811676,2.891998
"VTN",4.040993,5.245749,4.473016,4.815485,4.84859,4.822939,4.69524,4.44423,5.6402,4.632683,4.761228,4.665517,4.666846,4.487347,4.724312
"PROC",-2.502507,-1.544122,-1.575933,-2.68798,-1.341271,-2.927473,-3.100334,-2.456329,-2.565649,-2.611325,-1.991069,-1.909391,-1.679183,-2.536385,-2.282525
"APOB",5.20177,6.483563,4.553649,5.356938,6.403736,5.894213,5.984183,6.345985,5.349962,5.921362,6.272314,6.130545,5.0365,6.103039,5.814847
"LCAT",-0.5620661,-0.2765946,-0.3872056,-1.025037,-0.09415346,-0.8211839,-1.232694,-0.9291441,-1.152555,-0.8570096,-0.8001773,-0.6301363,-2.344264,-0.8366198,-0.2819089
"HRG",4.800894,4.971118,3.833938,4.347568,5.275259,3.878242,3.895782,3.239377,2.721082,3.605778,4.169083,3.446758,4.313791,3.373295,3.743857
"KV320.1",-3.324533,-6.841288,-4.231253,-5.379546,-4.224812,-6.712518,-3.810214,-4.368828,-3.548436,-4.348628,-3.113423,-4.681953,-6.215384,-2.227241,-4.248557
"KV315",2.262131,3.132038,1.823866,2.644965,3.792033,1.865863,1.366508,2.522786,2.309515,2.456447,3.355052,2.21179,2.543786,3.407686,2.261626
"LV743",0.2325232,-0.7375992,0.7594661,1.175117,1.037184,0.8471947,0.05048001,-0.0523316,0.7609355,-0.07131279,0.7415752,-0.2963383,1.109416,1.442679,0.5197197
"A1BG",4.601419,5.618247,4.5599,5.116631,5.161634,4.802084,4.962917,5.100781,5.360222,5.012494,5.21552,4.947363,4.943676,4.658844,5.176749
"IGHM.1",-0.6511827,0.5436675,0.1822831,0.1363039,-0.1290838,2.677654,1.425502,2.114025,1.189725,1.967908,-0.3909205,1.697314,-0.4282954,2.759401,1.232955
"VWF",-0.4716809,-2.828786,-0.1517792,4.081483,-0.945203,-0.7600296,1.577752,-0.8474846,-0.0201456,1.134609,2.788424,2.256167,-1.471953,-1.240907,3.078483
"SHBG",-0.471889,-1.421977,-0.451838,-0.2571027,-1.251006,-1.272549,-1.541914,-0.9026239,1.127719,-1.961137,-2.098168,-1.165253,-0.3960749,-0.9362819,-1.213491
"GAPDH",0.5703788,-5.427212,-1.809596,-4.957775,-5.769692,-4.565645,-4.910441,-3.858552,-6.720729,-5.53652,-2.018091,-5.594754,-5.30688,-4.779026,-5.060627
"KV116",-2.251302,-3.38146,0.09212995,-5.51743,-2.979791,-0.480515,-0.9255646,0.1635947,-3.066536,-0.9687126,-0.5568817,-8.652459,-2.365516,0.7349513,-1.035597
"KV311",2.852779,3.054737,2.521837,2.810038,2.866381,3.049104,2.37779,2.601403,2.658697,2.102274,3.144775,1.742172,2.69206,3.785399,2.499996
"KV310",-5.233823,-2.121975,-3.491242,-6.805842,-1.977187,-5.755507,-5.566797,-5.17207,-3.381673,-5.321235,-2.492142,-1.712095,-2.56206,-5.299898,-5.552787
"HV270",-3.141509,-2.435749,-1.113653,-5.224625,-4.363198,-1.535096,-2.222377,-5.944974,-1.312073,-1.397344,-2.273726,-1.930517,-3.015328,-5.098519,-5.002272
"APOD",3.673745,3.435042,2.688644,3.436803,3.609824,3.877101,3.605288,4.043163,3.025162,3.494967,3.185622,2.86941,3.594978,3.337882,4.098645
"SERPINA5",-3.278504,-2.29894,-5.743343,-3.986703,-3.602234,-5.124812,-6.798296,-0.2374814,-0.2999189,-0.2347689,-5.503615,-6.910489,-2.257499,-0.2795217,-0.2191894
"SERPING1",3.035094,3.737242,2.516613,3.508871,4.004559,3.084884,2.162622,4.142044,4.216775,4.157233,3.018908,3.239879,4.82229,3.634205,4.157001
"CFI",1.689192,2.551063,1.336366,2.548953,2.476763,1.600519,2.244497,1.676304,1.952653,2.127038,1.510658,2.002492,1.786761,1.5939,1.81098
"F13B",-0.2645758,-0.1383193,-1.73135,0.3626446,-2.185592,-0.4601553,0.05059762,-0.1333722,-0.2020852,0.8074243,0.9669604,1.083464,0.02225833,-0.263984,0.05725203
"CLEC3B",-0.1868374,0.8614708,-0.6901866,-2.853153,-1.735864,-1.285414,-0.9517719,-0.8248914,-1.560319,-1.423246,-1.504856,-1.050412,-2.305687,-1.14361,-1.21204
"SERPINA7",-1.35714,0.370563,-0.9249145,-1.745123,-1.762069,-0.9001482,-0.250659,-0.8287206,0.108648,-0.6594126,-0.5195661,-0.6725644,-1.947875,-0.1917355,-0.3507357
"SERPIND1",3.1371,3.200009,2.912799,3.776299,3.725898,3.409981,3.183084,3.052189,3.891042,3.502003,2.771439,3.420424,2.888218,2.966504,3.128097
"BCHE",0.6055604,-2.263397,-1.326357,-3.599612,-0.6913017,-1.1854,-0.6071855,-1.002813,-1.372767,-0.4614549,-1.202019,-1.569725,-0.02967632,-0.8759805,-1.056347
"KV230",0.09828043,0.8667454,0.9548024,-1.108477,1.503169,-0.7344231,-0.7445552,-0.651051,-3.416076,-3.518802,-1.822433,0.9680378,0.1464248,0.4840285,-0.4602394
"KV320.2",-4.777436,-4.263698,-5.180318,-4.287544,-5.212401,-4.185385,-4.96685,-6.505446,-6.190135,-5.038982,-5.026044,-5.905531,-5.30621,-3.376086,-6.605043
"LV151",0.0434531,-2.377629,-0.891571,-2.306745,-0.4170369,-6.021074,-2.369077,-2.146844,-1.873098,-2.506149,-1.471604,-2.883013,0.4152426,-0.6252257,-1.059791
"LV657",-5.531469,-4.263795,-2.041235,-4.841248,-5.957242,-3.062605,-6.866238,-1.865762,-1.680185,-1.929538,-3.339731,-3.548217,-4.909903,-0.6211274,-1.83592
"LV657_2",-3.590975,-4.042678,-1.782661,-4.632852,-4.233507,-2.403282,-3.492533,-1.657848,-1.656028,-1.952189,-3.182809,-1.388157,-3.287694,-0.6633294,-1.463426
"HV434",-1.409567,-1.446805,-2.922523,-1.770778,-1.966304,-3.179013,-2.798341,-3.658509,-3.143247,-2.870352,-1.402221,-3.409972,-2.077348,-2.374621,-2.475422
"GSN",3.24233,3.520394,2.907376,3.736313,2.733743,2.870925,2.516461,2.82122,2.301241,2.540986,2.979198,2.920726,3.485438,2.761699,2.959914
"C2",3.045493,2.169899,2.118886,2.913,1.875455,1.846122,2.474093,2.352472,2.529185,2.461782,1.8204,2.035701,2.673903,1.912967,2.157689
"APOA4",5.087654,5.106539,4.61803,5.087506,4.891039,4.782153,4.939387,4.041066,4.683336,4.781503,4.664287,4.533549,5.299217,4.860426,5.650116
"ENO1",2.636873,1.044515,0.08004066,0.2564533,2.332325,1.07608,1.640486,0.6979439,1.415456,1.28875,0.5788584,0.706661,0.9334167,-0.2059888,0.5924671
"LDHB",-5.80499,-3.756442,-4.077371,-3.407024,-4.12733,-2.334058,0.01448059,-2.202387,-2.091708,-1.76639,-5.183955,-3.461517,-1.657577,-2.039967,-2.810644
"PROS1",2.006923,2.256748,1.911433,1.8931,1.646823,1.86704,1.935498,2.141662,1.833283,2.314456,1.348865,1.995147,1.206128,1.856426,1.994085
"C8A",2.223559,2.335995,2.130737,1.096499,2.231963,1.596679,1.835626,1.556548,1.733535,1.857418,2.404359,2.161733,2.052189,1.612725,1.706283
"C8B",2.772127,2.420665,1.141798,2.875255,2.928214,0.6131421,1.090094,0.5951347,0.5949532,0.397601,0.9046258,0.8235122,-0.5035278,0.2797181,0.4401976
"GP1BA",-3.593924,-4.454342,-3.393889,-2.92412,-3.823484,-4.672269,-3.554345,-3.246377,-4.165461,-4.701254,-4.835403,-4.779944,-4.465645,-4.338496,-3.733032
"C8G",2.397226,1.735152,1.0161,1.294362,1.514653,1.971684,1.355633,1.12089,1.435513,1.701173,1.412064,1.469157,0.3862852,1.165336,1.254663
"PFN1",-5.141902,-3.380772,-4.97241,-5.710139,-3.986677,-3.124144,-3.034729,-6.142562,-2.471247,-2.98066,-5.447365,-5.972949,-6.548783,-6.757149,-2.723588
"THBS1",-4.22822,-2.358896,-4.239248,1.109844,-3.610089,-1.958509,-5.177735,-4.33616,-2.391958,-1.785644,-3.447524,-0.6256192,-3.681449,-4.323462,-3.015827
"SERPINA6",0.1980837,-1.770194,0.07696017,-0.6152723,-0.5803653,0.1054119,0.6301792,0.1541838,1.186778,0.02164057,0.04997727,0.4065654,-1.097625,0.00879696,-0.4203314
"MGP",-4.945104,-4.904075,-5.475298,-4.890632,-5.495848,-6.415561,-6.793875,-4.835092,-4.970502,-5.114637,-6.318021,-4.944172,-4.689921,-5.004586,-5.190624
"LPA",-3.41064,0.08930445,-1.528281,-0.2253454,-1.468876,2.339093,-0.6884428,0.02461268,-2.773456,-0.157454,0.1856403,-0.5467072,-0.5859889,-5.285994,-0.9447206
"CD14",-0.3325146,-0.2749336,-0.9895453,-0.06810552,-0.2529459,-0.8084229,-0.7461677,-0.8287148,-2.679042,-0.207267,-0.6499143,-0.5959626,-1.64176,-0.706822,-0.3419937
"PTPRC",-4.960527,-4.882658,-5.493204,-4.328752,-5.171464,-4.145623,-2.674444,-3.516742,-3.082251,-2.170116,-2.763858,-3.188572,-4.469759,-3.705228,-3.39006
"CFH",5.216528,5.932452,4.586446,5.668499,5.170526,4.990931,5.405524,4.870582,5.446332,5.552059,4.914908,4.929517,5.158433,4.803084,5.054442
"SERPINF2",3.94686,3.9274,3.229945,3.915861,3.754523,3.45189,3.633189,3.56777,3.871043,3.607405,3.652024,3.533979,3.829985,3.417376,3.751504
"F7",-5.338407,-4.097846,-5.136289,-5.313072,-3.223566,-2.740781,-5.291183,-4.994637,-6.44522,-6.731532,-4.810133,-4.277946,-4.644137,-0.4144583,-2.041871
"DBH",-0.142718,-1.995644,-0.1225713,-7.668348,-1.553989,-1.204522,-2.015907,-1.514503,-1.211938,-2.625897,-1.378031,-0.7962484,-6.070123,-2.491194,-2.544663
"C1S",2.608544,2.888558,2.259188,2.632429,2.712319,2.150719,2.426417,2.10431,2.381108,2.443131,2.184924,2.079608,2.153697,2.125691,2.592349
"C4A",-4.440514,-6.004857,-7.702391,-3.606756,-4.059283,-4.220537,-3.606865,-5.572172,-4.25918,-4.930525,-3.36696,-2.499923,-5.072577,-5.536706,-5.477773
"C4B",-0.4414294,-2.156236,-2.860504,0.4434097,-1.32489,-1.130675,-8.995167,-0.787159,0.9147748,1.107726,-1.143819,0.3942747,0.3234805,-1.02229,-0.402458
"IGLC2",-5.328409,-4.443926,-6.086824,-3.784544,-4.322955,-4.951659,-4.259392,-5.689639,-5.798972,-3.790629,-2.557575,-5.539298,-4.389471,-4.961915,-4.240428
"SAA1",-1.19317,-1.72778,-1.458468,-1.390323,-3.095835,-4.962744,2.576406,-2.056595,-1.497997,0.3436551,4.283913,-2.344391,-4.563616,-1.407157,-2.011697
"SAA2",-3.986782,-4.214993,-5.540787,-3.300354,-6.643256,-7.121039,1.601237,-3.28259,-3.950774,-1.731389,2.162716,-4.007761,-4.606267,-2.257321,-6.902822
"C7",1.064369,0.6689019,0.7567254,1.740186,1.586594,0.1968191,0.7716803,0.575498,-0.9163164,0.4314703,0.7473232,0.5318003,0.4460858,0.3361181,0.3768262
"CLU",3.327522,4.659976,3.701676,4.726055,4.35754,4.028979,4.038417,4.188261,4.125961,3.953921,3.823493,4.395667,4.607113,3.68604,4.061436
"CLU.1",3.154454,3.665486,2.77367,3.916805,3.953699,2.905248,3.084087,3.169818,3.191535,3.006204,3.266434,3.402653,3.671523,2.877388,2.980546
"MBL2",-5.084843,-2.817711,-4.075119,-4.323958,-5.002384,-7.242752,-4.836394,-4.095636,-4.282614,-3.17592,-2.142717,-5.674784,-3.720126,-4.693682,-2.595832
"MTHFD1",-6.265771,-2.953174,-2.500161,-5.491981,-4.877607,-1.727167,-7.462064,-5.9945,-7.196262,-1.564728,-4.297085,-3.047971,-2.065537,-1.375648,-2.036901
"CETP",-4.305725,-5.393736,-4.665216,-4.434837,-4.811533,-4.464574,-3.88152,-4.205552,-3.436214,-4.007857,-2.750925,-5.336351,-3.367507,-4.15696,-4.104626
"IGF2R",-5.624765,-2.324457,-4.89458,-3.964086,-5.259988,-3.736972,-3.485579,-2.958465,-3.526985,-3.354792,-1.081604,-3.881824,-5.447165,-3.808208,-6.828672
"COL6A3",-6.627864,-4.178398,-5.102488,-7.423537,-6.274352,-5.06838,-4.283646,-7.186459,-4.463764,-5.843658,-3.71757,-4.87464,-7.762584,-4.031537,-4.383713
"F5",2.348768,-0.2466126,-0.04908703,0.07604322,0.09944925,-0.6524273,-0.07668276,-0.3847412,-0.8264059,-0.1567346,-0.2986353,-0.4704991,0.3632759,-0.1374803,-0.1111009
"MYH7",-4.464523,-4.265703,-2.681922,-2.191519,-4.338611,-2.556493,-1.639272,-3.459842,-2.762765,-1.369353,-3.623071,-2.513886,-4.77108,-3.339903,-3.162221
"NCAM1",-4.954558,-1.726453,-3.082509,-2.537553,-2.580098,-7.893895,-4.382109,-3.677366,-3.530906,-1.935626,-2.112425,-4.745117,-1.942359,-3.258796,-6.709081
"C6",1.634451,2.014061,2.153059,1.546612,3.360648,1.139397,2.22159,1.936496,1.623235,2.283711,2.088378,1.863696,2.912436,1.824062,2.023274
"LCP1",-5.248245,-4.704016,-1.679579,-1.680598,-5.286345,-3.447099,-0.4165893,-0.9514899,-1.411325,-1.825838,-1.676877,-0.1106856,-3.469193,-1.809085,-1.914318
"SELL",-4.082397,-3.251679,-4.705529,-4.547853,-5.271956,-3.665901,-3.491934,-3.262968,-3.668762,-3.179263,-6.181942,-4.867029,-4.696737,-3.481948,-3.083656
"CPN1",-0.6369151,0.4956428,0.3616768,0.03500834,0.6605676,0.05426189,0.6260077,0.6026887,0.476346,0.5197852,0.9341342,-0.2662812,0.5450019,0.2707232,0.451987
"DSP",-5.0395,-4.58402,-3.913327,-4.048532,-4.878521,-4.478121,-7.254606,-3.502713,-3.397368,-3.976563,-4.343791,-5.869172,-2.645122,-6.262576,-4.062551
"IGFBP3",-1.789534,-0.07132149,-1.344912,-0.7430348,-0.09346926,-1.366992,-1.399231,-0.8390895,-1.099428,-1.413428,-0.515102,-1.34038,-0.6660555,-1.073696,-1.077055
"VCL",-4.182781,-4.885392,-6.095918,-3.716953,-3.265085,-4.841629,-7.036375,-4.47979,-4.587524,-3.787867,-2.411971,-3.709613,-4.01764,-7.834787,-6.216192
"LBP",-0.6683229,-3.023122,-1.646199,-0.8875905,-0.9049467,-1.650553,-0.01310384,-1.412551,-0.7918617,-0.7735211,-0.2604389,-1.96112,-1.551471,-1.606698,-1.750204
"ORM2",1.782359,3.675239,1.916934,3.824759,3.450334,2.591777,3.128871,2.957508,3.217898,3.271374,3.331696,2.188664,2.766988,2.876627,2.535367
"ITIH2",4.794325,4.854549,4.668949,4.926688,4.854496,4.629841,4.895467,4.850108,4.568796,4.415769,4.722961,4.782344,5.087155,4.446983,4.755469
"ITIH1",3.962307,4.626851,4.299775,4.40167,4.657454,3.980967,4.301284,4.185894,4.027471,3.939309,4.330261,4.275392,4.664406,3.698515,4.002394
"TYMP",-2.400165,-3.420272,-1.998636,-0.5414927,-6.403448,-4.836002,-4.697595,-5.004574,-5.858843,-3.308868,-5.73651,-3.572074,-4.955525,-3.791208,-5.62447
"PZP",-0.3445762,-2.738196,-0.4691468,1.939892,0.1195727,-1.169116,-1.090672,-1.279495,2.999194,-1.330482,-0.5277144,1.038835,-0.7150844,-1.232732,-1.639448
"C4BPB",-0.238194,-0.736853,-0.4253961,-0.620128,-2.605896,-1.696902,-0.9987828,-0.8862607,-1.616941,-0.586684,-0.5550792,-0.798378,-1.494677,-1.211381,-1.200303
"FLNA",-4.179895,-5.131999,-5.560565,-7.194132,-4.25279,-2.434348,-4.746911,-4.707292,-2.69294,-6.683987,-8.450642,-5.326962,-4.995647,-7.559588,-2.953456
"SCP2",-3.230815,-1.973506,-2.456967,-1.791834,-2.74192,-5.179996,-1.04201,-4.222539,-4.936987,-2.882826,-1.765243,-1.908949,-2.96068,-5.914667,-4.917483
"GPX3",1.110982,-2.687609,0.02303384,-0.04334272,-1.323921,0.5079034,0.6357267,0.2716542,-0.06153811,0.2786291,1.002429,-0.2398537,0.5607297,0.135877,0.5160078
"CPN2",-0.4944296,1.369317,0.7980118,-0.01251107,1.668676,0.9295437,0.9820431,1.006107,0.9712172,0.8503358,1.055975,1.061946,2.372541,0.6089514,0.9969178
"PROZ",-2.673677,-2.470156,-6.262806,-2.234147,-1.324176,-2.208205,-1.167629,-0.7798684,-0.8827152,-0.124542,-1.961045,-1.509533,-1.67608,-0.4283733,-0.6279857
"HV102",-3.267792,1.852583,1.240457,1.094438,-4.182214,2.543188,1.726094,-0.04386252,0.07478565,1.007474,0.7379749,-0.08279306,2.70419,0.5834878,1.375135
"FBLN1",0.4197826,0.7731304,0.426362,0.4493081,0.6677502,-0.499927,-0.05911872,-0.07736114,-0.2785016,-0.153939,0.07284684,-0.3470997,0.2434073,0.2009938,0.03447856
"FBLN1.1",-4.18839,-1.738274,-2.707528,-1.497215,-1.626692,-3.437015,-2.824893,-2.783102,-3.082414,-2.878464,-2.196502,-3.088402,-2.200269,-2.627882,-2.556886
"AZGP1",2.37216,3.733573,2.972558,3.920887,3.155708,2.358085,3.101275,3.004575,2.485842,2.88155,3.015065,2.552253,2.999546,2.515241,2.710933
"ATP5A1",-3.873907,-3.765009,-2.982104,-4.423196,-3.271055,-5.305092,-5.729416,-4.562671,-4.954391,-7.665017,-3.657383,-4.349135,-3.859197,-4.448562,-4.878257
"MSN",-7.314144,-1.991092,-4.143358,-4.565011,-7.249124,-3.947759,-4.121546,-3.550272,-3.104485,-2.682572,-1.380305,-3.518723,-2.292778,-3.611872,-3.553604
"MST1",-0.4559333,-1.809766,-1.870445,-2.449941,-4.203411,-3.138612,-4.380127,-2.274568,-2.275561,-2.400887,-3.557136,-2.48976,-5.290123,-2.627222,-2.964854
"PON1",2.879418,3.828582,3.280284,3.411119,3.139734,3.845728,2.820365,3.876002,3.748538,2.99144,3.267072,4.186512,4.016431,3.052736,3.559461
"MAP4",-0.5228347,-0.3683048,-0.08871827,-0.8889517,-0.8273304,0.05232084,-0.5793911,0.8807746,-0.05411312,0.7934192,0.0710097,1.08811,-0.2336363,0.8336684,1.095006
"CFP",-1.361281,-2.379218,-4.356913,-0.7062409,-2.293036,-2.995033,-2.456275,-2.763198,-2.468122,-2.405479,-2.966509,-2.987242,-1.788347,-2.722617,-2.275784
"SERPINA4",1.028676,2.263068,0.4581119,-1.128003,-0.9829075,0.4983557,0.7412927,0.8941626,0.4643072,0.2971564,0.938334,0.1535498,-0.9956471,-0.565381,0.7430965
"PRDX2",-5.646482,-4.942035,-3.198823,-6.359983,-4.517124,-3.457633,-2.773069,-3.255758,-7.923562,-6.647294,-4.97076,-4.426713,-5.77598,-2.885677,-3.388174
"SAA4",0.3416548,2.391215,0.9650606,-0.3441831,0.6210185,1.459952,2.013207,1.074472,0.9908702,1.452168,2.058188,1.014658,2.443496,0.9177248,1.17438
"MYH9",-0.9336787,-1.66686,0.1003609,-2.199967,-0.8735586,-1.403396,-4.778297,-5.702356,-1.538718,-2.792163,-2.094246,-2.774367,-2.333002,-4.577023,-1.845049
"IGFALS",0.342334,3.018634,2.366333,2.623336,2.773975,2.372064,2.393831,2.434565,2.556558,2.012601,2.498289,2.20183,2.842948,1.905106,2.556401
"SERPINF1",1.178227,1.992102,1.37562,2.824288,2.546282,1.862633,1.978398,1.520246,1.692283,1.664369,1.605466,0.8554738,1.463722,1.838383,1.131769
"CFHR2",-4.431582,-1.025481,-2.679014,-3.500555,-2.139688,-3.046134,-1.815926,-2.164634,-2.172152,-2.552188,-2.970007,-1.928465,-2.347779,-5.28961,-2.411146
"TAGLN2",-5.111082,-5.142063,-5.629054,-4.508708,-4.619042,-4.678386,-3.776142,-5.643961,-5.265673,-6.224041,-4.877907,-6.095883,-4.258244,-4.907732,-8.321798
"GP5",-3.782506,-3.253749,-3.476869,-4.223438,-3.769132,-3.002923,-2.851476,-3.058112,-3.085174,-3.622698,-5.544943,-3.695139,-3.565248,-2.840021,-3.066346
"ACAA2",-4.317475,-3.414297,-3.3258,-4.448813,-2.291981,-5.002674,-4.846319,-2.86931,-3.302998,-5.623129,-3.314879,-3.351614,-4.913113,-4.030924,-3.599355
"MCAM",-3.597353,-2.276172,-4.580399,-7.762026,-6.277491,-5.76284,-4.385039,-2.545134,-6.380752,-3.50873,-6.041698,-3.718906,-3.317601,-3.616794,-4.634014
"BTD",-1.622926,-0.04047084,-2.278409,-2.309142,-1.985504,-2.614429,-2.66129,-2.121006,-2.316228,-2.898967,-2.508599,-2.291329,-0.7401743,-2.468354,-2.011422
"AFM",3.569525,4.352503,4.771852,3.665789,3.639526,3.781111,3.508137,3.469767,3.880791,3.669632,4.364954,3.637399,3.808941,3.770414,4.361778
"CAPZB",-3.38835,-3.170518,-1.345674,-3.06491,-2.210197,-7.740108,-5.244429,-4.88237,-4.544822,-6.614183,-3.197812,-4.996191,-3.364299,-6.676971,-5.793553
"MASP1",-2.901078,-1.256542,-1.540728,-4.482459,-2.056495,-2.393447,-2.71365,-2.299577,-2.175133,-1.972675,-2.706736,-1.800356,-1.372729,-1.791172,-2.642478
"COMP",-6.826991,-5.469401,-6.195667,-5.974261,-5.988406,-6.219619,-4.385957,-5.323157,-4.255121,-5.435383,-3.76283,-5.248838,-4.932307,-5.475886,-4.688816
"SEPP1",0.2682654,-0.7342927,0.07848468,0.3209764,1.616424,-0.903319,0.3500225,0.4684873,-0.6937398,0.04441112,-0.6125432,0.3361959,0.8692789,-0.007902712,0.3284857
"CAMP",-5.201056,-5.161288,-5.058553,-3.728197,-5.781967,-3.885679,-3.82381,-2.831857,-4.893277,-3.957573,-5.653036,-5.118152,-5.695683,-4.374146,-5.783164
"LUM",1.658066,1.098752,0.7534682,1.073593,0.8700488,0.6597341,0.445934,0.2783425,0.3638579,0.288433,0.410797,0.3547031,1.14671,0.7812153,0.7511269
"HNRNPM",-6.824471,-2.271276,-1.972509,-2.951195,-2.816578,-1.342858,-4.180879,-4.498417,-5.999298,-4.125102,-8.748747,-2.004825,-5.736307,-4.017215,-2.447417
"CRISP3",-2.202477,-2.083463,-3.706981,-1.559549,-1.734426,-2.86991,-2.238604,-1.975883,-3.619579,-3.208501,-4.272257,-2.226413,-4.018409,-2.952355,-2.474279
"APOC4",-2.587152,-2.829903,-3.09794,-4.143402,-3.043416,-3.05926,-1.797782,-2.246872,-1.641617,-2.041291,-3.13426,-3.213058,-3.494954,-1.96978,-5.375176
"PLTP",-1.741747,-4.208621,-1.781259,-0.7795804,1.020988,-1.090414,-1.427863,-1.147385,-1.565797,-1.577468,-1.816001,-1.008309,-2.496408,-1.305874,-1.23449
"INHBC",-3.574832,-5.580059,-6.383891,-6.070622,-3.755082,-6.25359,-5.422368,-5.779876,-5.29761,-5.507854,-7.107386,-4.806878,-6.166074,-5.417428,-5.225163
"LYZ",-4.270754,-4.755282,-3.752183,-3.543392,-3.496995,-4.47159,-2.813335,-4.343143,-3.70046,-4.15624,-5.12889,-4.647305,-3.183164,-4.705971,-3.492944
"B2M",-5.044334,-4.844477,-5.290858,-4.434648,-5.674212,-4.256403,-4.213203,-4.794727,-4.456953,-4.305609,-5.289087,-5.228588,-6.610574,-4.656154,-4.42216
"TPM4",-3.102965,-4.320992,-2.253086,-4.521231,-3.772444,-3.028494,-2.586053,-2.996361,-3.236193,-4.91754,-3.670868,-5.428487,-3.773566,-10.65754,-9.545876
"ACTA1",-4.718922,-3.451541,-3.065192,-5.983194,-6.065575,-2.693545,-4.794276,-4.327239,-2.266719,-2.731709,-5.707951,-5.613227,-4.523649,-3.496038,-2.534746
"HBB",2.90962,2.735063,2.419703,3.483786,1.92574,2.154335,3.519049,2.40207,1.270264,2.099117,2.142823,3.595695,1.830354,2.884196,2.304421
"HBA1",1.73292,2.086348,2.383677,3.101374,1.246685,2.020262,3.211686,2.203984,1.179715,2.003198,2.1125,3.537222,1.635372,2.612651,2.217975
"GPLD1",-0.3456078,1.571461,0.02035618,1.272455,0.4975835,0.9698825,0.7484745,0.5987071,1.07078,1.100409,0.7815785,0.2045349,0.2070381,0.2395025,0.6922482
"LV321.1",1.475531,2.824635,-1.216941,0.414049,2.050178,0.8113763,-0.9287936,0.6833451,-0.2200716,0.2203912,-0.08651611,-0.2949016,2.1782,0.614193,0.3798279
"CFHR1",-3.534996,-2.009742,-3.617377,-3.381278,-1.588381,-2.70375,-2.725343,-1.872215,-1.520278,-3.063868,-2.143578,-2.797268,-2.894352,-1.670131,-1.708522
"KRT17",-1.005045,-3.247689,-1.738546,-5.291968,-3.770157,1.055451,-5.023573,-3.597023,-5.676189,-5.485012,-7.838289,-4.598807,-1.766453,-5.361006,-5.583364
"HGFAC",0.9924325,-0.1025524,-1.246703,0.5045568,-3.533687,-1.25553,-1.123388,-1.517226,-2.295659,-2.195912,-0.9351996,-2.047882,-3.280308,-1.009236,-1.420709
"ITIH3",1.831845,1.538345,0.4727456,0.7852552,1.119898,-0.06811708,1.060977,0.3095168,-0.04857528,1.10383,1.224026,0.3650582,0.9863585,0.2403637,0.05176532
"LGALS3BP",-2.696974,-2.854501,-1.94434,0.5172693,-1.386434,-2.470998,-0.6470978,-1.633887,-1.348699,-1.159806,-1.175902,-2.024362,-2.479377,-0.7039847,-1.401983
"EFEMP1",-1.132644,0.8878983,2.721416,-1.393292,-6.864902,-1.125252,-1.850401,-1.570439,-1.286895,-1.164758,-6.714417,-2.273448,-2.486427,-1.127923,-1.057219
"MMRN1",-3.711364,-1.22068,-2.749938,-3.868243,-4.914474,-3.363351,-2.518306,-3.477013,-3.512577,-3.584036,-2.055805,-2.239801,-2.535478,-3.188426,-3.00562
"ILK",-3.619898,-3.481684,-3.527781,-4.697048,-4.233853,-3.132289,-2.869865,-3.005631,-3.096916,-3.171288,-3.035201,-3.305655,-2.478281,-4.150522,-3.060031
"APOF",-1.379527,-2.496781,-0.8111509,0.1594561,-3.855426,-1.714638,-0.9230762,-0.912553,-2.07286,-1.388007,-0.6914245,-1.583781,-1.216668,-1.695505,-1.448009
"DYNC1H1",-3.071485,-3.579719,-1.160812,-2.819422,-2.975593,-4.358782,-3.828411,-2.717921,-1.437413,-4.189889,-1.012102,-3.304098,-2.479798,-4.302865,-1.369834
"MYBPC2",-3.872711,-4.23602,-5.200594,-5.240494,-3.3605,-5.365158,-5.030237,-4.856571,-5.329617,-5.324902,-4.56088,-3.955233,-4.371712,-5.568,-5.037527
"HABP2",1.387589,-1.853809,-0.03729546,6.01249,-1.748687,-1.530257,-1.306499,-1.12597,-0.342741,-1.061942,-3.026294,-0.9285721,-2.174059,-1.604228,-1.285682
"ITIH4",4.136371,3.799616,3.824032,4.191176,3.708027,3.732688,3.928848,4.166788,4.428811,4.244233,3.601353,3.795801,3.906634,3.765601,3.704758
"ARHGAP19",-5.031511,-5.906981,-4.843718,-5.935853,-4.505504,-6.978497,-3.385356,-5.345463,-6.494923,-3.890881,-4.29705,-4.748346,-3.837605,-7.028539,-3.708732
"PCOLCE",-5.079322,-6.418745,-6.805414,-5.300101,-3.124267,-5.806104,-5.420992,-6.985789,-5.414292,-4.979846,-2.370119,-5.444987,-4.244089,-5.312598,-4.943121
"PON3",-1.666739,-1.349157,-0.8521956,-1.142829,-0.1286762,-0.8198864,-1.52939,-0.7907196,-0.7566746,-1.268491,-0.8098077,-0.1771683,-1.100797,-1.46616,-1.166438
"FCN2",-2.553318,-0.65852,-0.6993952,-2.923933,-3.198439,-2.847121,-2.179249,-2.174186,-3.521157,-1.710403,-4.359728,-2.115487,-3.292582,-3.300424,-2.438743
"TGFBI",-2.999748,-1.364541,-3.307312,-0.950361,-1.250213,-0.8397774,-3.458779,-0.5412433,-0.9427751,-2.01652,-1.754123,-1.263183,-1.233807,-2.389942,-0.9370104
"ADIPOQ",-2.984982,-4.080144,-2.377784,-2.957878,-3.452915,-3.341181,-2.689621,-2.999451,-3.023022,-3.265371,-3.408272,-2.086961,-2.654984,-3.357424,-2.382384
"ECM1",0.6024842,-1.824034,1.13056,2.811641,-0.6359404,0.08969522,0.8460718,0.6143627,0.08348328,1.280762,1.025363,1.128831,1.494996,0.4828433,1.373258
"ACTBL2",-3.405601,-3.474453,-2.742487,-4.963049,-2.539611,-1.929735,-3.718121,-5.200331,-1.840645,-4.432574,-6.201612,-4.132608,-5.650008,-3.705862,-1.756344
"FRMPD1",-3.717098,-5.796341,-6.702925,-4.738114,-5.142084,-4.510003,-5.599487,-4.418053,-6.690154,-4.742139,-5.729227,-5.609693,-5.019151,-4.788848,-6.347054
"VASN",-3.899218,-1.424151,-2.402907,-2.161009,-4.049946,-2.756413,-1.796711,-1.731299,-3.306104,-2.175833,-1.497926,-1.870797,-0.5126467,-2.060735,-1.609533
"PI16",-4.719166,-4.689719,-4.828359,-4.93378,-5.018861,-4.469584,-5.742508,-4.430574,-5.47612,-5.646591,-5.561685,-3.89834,-3.6257,-3.369971,-7.225979
"NPHP3",-4.07909,-2.818845,-4.593175,-3.760571,-4.055439,-3.067328,-3.193279,-4.287869,-3.433582,-3.291414,-6.807227,-3.735167,-4.148697,-4.075053,-3.22286
"SLFN11",-1.980597,-3.295976,-1.978571,-4.561538,-3.275467,-1.550398,-1.236428,-1.67913,-1.913167,-1.364107,-1.362569,-1.983158,-2.726692,-2.331196,-1.77015
"FERMT3",-4.845165,-6.477633,-5.000966,-4.411922,-5.391404,-4.327118,-4.99229,-5.947319,-4.773868,-5.051593,-4.73306,-4.619242,-6.924948,-5.246289,-4.124773
"PSTK",-4.199386,-4.875577,-4.954245,-6.012504,-6.220537,-5.93737,-5.932782,-5.450568,-6.446009,-6.359809,-6.530455,-5.503791,-6.481238,-6.942713,-4.519578
"GPR116",0.1591374,-2.849263,-1.422014,-2.688984,-1.959868,-1.243353,-0.8530523,-1.547226,-1.304471,-1.636086,-1.101284,-2.559278,-2.735913,-1.704432,-2.125803
"ABCF1",-4.200634,-2.866857,-3.510695,-4.659492,-2.624793,-2.582591,-1.284199,-1.724734,-2.392618,-1.949004,-1.249581,-2.060363,-0.6237025,-2.177388,-1.771953
"TTN",-2.054827,-4.664899,-0.6350003,-2.297117,-0.1380762,-1.6733,-0.4532397,-1.334189,-1.328172,-0.1920866,-2.692719,-1.337172,-2.495231,-1.74129,-1.459876
"CTTNBP2",-2.826909,-6.670782,-4.03387,-6.328722,-4.339501,-5.391636,-4.439503,-4.603901,-5.483195,-4.247516,-5.227228,-4.304319,-4.030953,-5.763655,-4.586422
"CFHR4",-4.317023,-4.242486,-4.138178,-2.555124,-3.901106,-3.203734,-3.020889,-2.96514,-2.789088,-3.268556,-3.840267,-5.737818,-5.087687,-3.524285,-3.382579
"FAM3C",-5.814609,-7.264071,-5.066214,-6.153671,-5.952825,-4.350286,-6.118374,-3.962473,-4.801368,-5.235898,-6.115482,-5.251975,-5.693779,-4.440826,-4.950131
"NUP205",-3.560255,-1.132396,-1.853026,-2.636612,-3.479934,-2.194254,-3.46751,-1.946019,-2.475925,-2.574131,-1.700428,-2.305252,-2.918009,-1.732666,-2.531949
"RYR2",-1.868464,-2.442018,-1.91923,-2.544505,-3.078726,-2.05554,-1.369895,-1.843524,-1.710469,-1.469909,-1.334153,-2.210449,-1.841263,-2.178341,-1.941747
"PRG4",-3.22079,-4.563452,-2.844251,-3.930665,-3.74262,-2.285846,-3.397103,-3.456663,-2.656802,-1.873189,-1.572914,-2.028168,-2.825227,-2.377568,-3.293318
"PRG4.1",-2.020342,-2.797712,-2.906597,-2.490634,-2.268609,-1.692191,-2.924274,-3.491042,-1.689409,-1.345736,-1.014871,-2.074978,-4.080562,-1.618945,-2.893389
"CPB2",-1.384368,0.2681014,-0.6310318,-0.04301724,-0.07684714,-0.0571529,-0.2453699,0.1486512,0.1798288,0.3177997,0.4285614,0.1472009,0.1320717,-0.1317312,0.09255619
"CNDP1",0.7993066,0.32052,-1.434447,-3.689902,-0.1884749,-1.635006,-1.152671,-0.3812975,-1.132406,-1.427804,-0.7329292,-0.397696,-0.3429977,-0.4940555,-0.4903423
"SCLT1",-6.611985,-5.851711,-3.52107,-5.014334,-5.445209,-4.949191,-5.724363,-5.664756,-5.792958,-4.50048,-4.592434,-5.629807,-4.254748,-5.721066,-5.292056
"PGLYRP2",1.672339,1.823412,1.270684,1.636347,1.976989,1.363729,1.486451,1.452941,0.9630998,0.8197212,1.951993,1.799353,2.207219,1.125871,1.740386
"CDK5RAP2",-4.498795,-5.511966,-4.703191,-7.408979,-5.378149,-2.903274,-5.776173,-5.683391,-2.330219,-5.662204,-5.146251,-5.991338,-3.764017,-3.255267,-4.918682
"OLFM1",-6.252683,-3.841254,-4.463716,-4.891249,-4.796808,-4.240624,-3.429331,-3.928903,-3.551551,-5.274762,-3.736291,-2.559532,-4.459841,-5.732836,-4.399343
"SH3GL3",-2.262429,-0.7223016,-1.584952,-1.509127,-2.824828,0.1622174,-1.199826,-0.8432261,-1.030538,-5.512114,-2.056057,-4.44024,-3.303927,-0.8076818,-1.581052
"COLEC11",-3.674149,-2.931938,-1.897005,-4.865362,-3.670135,-6.978376,-6.025049,-6.494696,-4.930726,-6.607387,-5.413659,-4.433601,-5.498915,-3.306931,-3.931832
"CFHR5",-3.051033,-4.085793,-2.257559,-1.637643,-1.820067,-2.83484,-2.194829,-3.132617,-1.932784,-1.933047,-1.776396,-3.059249,-3.014792,-2.838846,-3.257496
"CDHR5",0.1232992,0.06315006,-0.04243527,1.168949,0.1340579,-0.3324612,1.126074,-0.4752507,1.381045,1.581056,0.6574224,0.2256442,0.3249121,-0.8718541,-0.2963475
"IL1RAP",-4.114133,-4.962746,-3.99523,-5.355026,-3.651229,-6.455971,-3.349592,-4.226051,-4.302842,-4.18442,-4.125359,-5.125162,-4.813756,-5.472995,-4.682738
"IL1RAP.1",-4.291335,-5.469654,-3.910759,-5.271592,-4.263513,-7.503236,-6.13146,-3.837043,-3.945139,-3.837157,-4.041356,-3.665013,-3.655678,-5.012934,-4.751207
"INPP5E",-2.442467,-4.761281,-3.321051,-4.605887,-4.145175,-4.054766,-3.279988,-3.441482,-3.410653,-3.042998,-3.937303,-2.45998,-3.842246,-3.651186,-3.311466
"C1RL",1.608229,2.206044,-1.80623,1.180882,1.099165,-1.153316,-0.6004975,-0.9242727,-0.5683312,-0.5722897,-1.836454,-1.077525,1.502879,-0.7820087,-0.7704549
"FETUB",-0.2093189,0.7101426,0.6326528,0.6289393,1.514821,-0.4362833,-0.1109146,-0.8709216,1.389189,1.153227,0.2093351,-0.02242766,0.4064868,-0.1867362,0.379232
"PCYOX1",-2.06418,-3.915371,-2.638572,-3.834449,-2.262055,-2.171535,-4.536639,-2.298187,-2.172004,-2.207121,-4.051389,-3.195086,-3.037889,-4.688924,-2.726815
"SERPINA10",-2.039068,-0.8183651,-2.4222,-1.316825,-1.997769,-2.216718,-1.456294,-1.800707,-1.266998,-1.423544,-1.893049,-1.402282,-1.501531,-1.858357,-1.725825
"MAN2B2",-1.507631,-3.159659,-1.287422,-2.629414,-2.636385,-2.0259,-1.582315,-2.932306,-3.04677,-2.940659,-9.110126,-1.797478,-1.350133,-1.618756,-4.268289
"ATP11B",-1.931132,-1.241006,-1.968592,-0.6311597,-1.336426,-1.654944,-1.165718,-1.471043,-1.381615,-1.124408,-0.8310617,-1.555038,-1.030521,-1.720443,-1.812493
"TLN1",-2.584534,-0.4676404,-5.461512,-2.326749,-3.835751,-1.524083,-5.444638,-3.190959,-1.858526,-5.380667,-4.120702,-4.623579,-3.724211,-4.557075,-1.66872
"AFG3L2",-4.17565,-4.157446,-4.324364,-3.492618,-3.869069,-5.033822,-4.789452,-4.429739,-5.647364,-2.730345,-4.115807,-4.703207,-3.32575,-5.106898,-4.629315
"LYVE1",-3.685234,-3.80318,-2.901339,-5.138415,-3.795267,-3.922132,-3.584672,-3.930614,-3.904936,-3.887516,-3.147847,-4.608077,-3.302531,-3.900907,-3.800275
"FCGBP",-2.833613,-2.761286,-2.432215,-5.479697,-2.851769,-2.735135,-3.661312,-3.619358,-4.043697,-3.544168,-2.695811,-2.556133,-1.375711,-1.476064,-2.118013
"ZNF10",-4.609373,-3.96625,-4.330212,-5.267192,-5.557184,-4.912626,-5.273214,-4.533388,-5.550475,-4.868262,-5.04779,-3.755601,-2.715253,-5.233626,-4.091124
"FAM161B",-3.526001,-2.675722,-5.222911,-7.266558,-5.156474,-4.202762,-4.187808,-3.510012,-4.411732,-3.852512,-5.451924,-4.709656,-4.723972,-4.720831,-3.597364
"",NA,NA,NA,NA,NA,NA,NA,NA,NA,NA,NA,NA,NA,NA,NA
